[SANITY] Step 1 leg patch stats:   std=0.2668  range=[0.000, 1.000]
[SANITY] Leg patch gradient flow OK.
  Step    10/12000  loss=0.521502  best_obj=0.136197  lr=0.03000  geo=0.00  patch_std=0.1252 [0.033,0.910]
  Step    20/12000  loss=0.226706  best_obj=0.131795  lr=0.03000  geo=0.00  patch_std=0.0792 [0.176,0.880]
  Step    30/12000  loss=0.227851  best_obj=0.131795  lr=0.03000  geo=0.00  patch_std=0.0871 [0.122,0.911]
  Step    40/12000  loss=0.249369  best_obj=0.129144  lr=0.03000  geo=0.00  patch_std=0.0977 [0.122,0.966]
  Step    50/12000  loss=0.212383  best_obj=0.129144  lr=0.03000  geo=0.00  patch_std=0.0974 [0.090,0.921]
  Step    60/12000  loss=0.257246  best_obj=0.126428  lr=0.03000  geo=0.00  patch_std=0.1005 [0.122,0.970]
  Step    70/12000  loss=0.247811  best_obj=0.126428  lr=0.03000  geo=0.00  patch_std=0.1057 [0.049,1.000]
  Step    80/12000  loss=0.237830  best_obj=0.117272  lr=0.03000  geo=0.00  patch_std=0.1121 [0.062,1.000]
  Step    90/12000  loss=0.261437  best_obj=0.117272  lr=0.03000  geo=0.00  patch_std=0.1100 [0.109,0.970]
  Step   100/12000  loss=0.260855  best_obj=0.117272  lr=0.03000  geo=0.00  patch_std=0.1129 [0.095,0.987]
  Step   110/12000  loss=0.236905  best_obj=0.117272  lr=0.02999  geo=0.00  patch_std=0.1095 [0.009,0.951]
  Step   120/12000  loss=0.295969  best_obj=0.117272  lr=0.02999  geo=0.00  patch_std=0.1160 [0.000,0.990]
  Step   130/12000  loss=0.235357  best_obj=0.117272  lr=0.02999  geo=0.00  patch_std=0.1207 [0.045,1.000]
  Step   140/12000  loss=0.244605  best_obj=0.117272  lr=0.02999  geo=0.00  patch_std=0.1224 [0.069,0.998]
  Step   150/12000  loss=0.264108  best_obj=0.117272  lr=0.02999  geo=0.00  patch_std=0.1285 [0.033,1.000]
  Step   160/12000  loss=0.248486  best_obj=0.107261  lr=0.02999  geo=0.00  patch_std=0.1290 [0.030,1.000]
  Step   170/12000  loss=0.218136  best_obj=0.079676  lr=0.02999  geo=0.00  patch_std=0.1265 [0.030,0.968]
  Step   180/12000  loss=0.248654  best_obj=0.079676  lr=0.02999  geo=0.00  patch_std=0.1295 [0.000,0.997]
  Step   190/12000  loss=0.191472  best_obj=0.079676  lr=0.02998  geo=0.00  patch_std=0.1319 [0.030,1.000]
  Step   200/12000  loss=0.228134  best_obj=0.079676  lr=0.02998  geo=0.00  patch_std=0.1335 [0.020,1.000]
[CONF]  Step   200  mean_conf=0.8297  (baseline=0.8795, Δ=-5.7%)  suppressed(<0.25)=0/52
  Step   210/12000  loss=0.198941  best_obj=0.079676  lr=0.02998  geo=0.00  patch_std=0.1328 [0.062,1.000]
  Step   220/12000  loss=0.217534  best_obj=0.079676  lr=0.02998  geo=0.00  patch_std=0.1372 [0.000,1.000]
  Step   230/12000  loss=0.175994  best_obj=0.079676  lr=0.02998  geo=0.00  patch_std=0.1373 [0.030,0.993]
  Step   240/12000  loss=0.221091  best_obj=0.079676  lr=0.02997  geo=0.00  patch_std=0.1391 [0.030,1.000]
  Step   250/12000  loss=0.190639  best_obj=0.079676  lr=0.02997  geo=0.00  patch_std=0.1382 [0.000,1.000]
  Step   260/12000  loss=0.201831  best_obj=0.079676  lr=0.02997  geo=0.00  patch_std=0.1395 [0.000,1.000]
  Step   270/12000  loss=0.171657  best_obj=0.079676  lr=0.02997  geo=0.00  patch_std=0.1371 [0.010,1.000]
  Step   280/12000  loss=0.218430  best_obj=0.079676  lr=0.02996  geo=0.00  patch_std=0.1412 [0.000,1.000]
  Step   290/12000  loss=0.186949  best_obj=0.068963  lr=0.02996  geo=0.00  patch_std=0.1412 [0.000,0.974]
  Step   300/12000  loss=0.217014  best_obj=0.068963  lr=0.02996  geo=0.00  patch_std=0.1444 [0.000,1.000]
  Step   310/12000  loss=0.189696  best_obj=0.068963  lr=0.02996  geo=0.00  patch_std=0.1436 [0.000,0.984]
  Step   320/12000  loss=0.213499  best_obj=0.068963  lr=0.02995  geo=0.00  patch_std=0.1417 [0.000,1.000]
  Step   330/12000  loss=0.186047  best_obj=0.068592  lr=0.02995  geo=0.00  patch_std=0.1438 [0.000,1.000]
  Step   340/12000  loss=0.195956  best_obj=0.068592  lr=0.02995  geo=0.00  patch_std=0.1427 [0.000,1.000]
  Step   350/12000  loss=0.180719  best_obj=0.068592  lr=0.02994  geo=0.00  patch_std=0.1401 [0.017,0.970]
  Step   360/12000  loss=0.157276  best_obj=0.068592  lr=0.02994  geo=0.00  patch_std=0.1452 [0.029,1.000]
  Step   370/12000  loss=0.201450  best_obj=0.061523  lr=0.02994  geo=0.00  patch_std=0.1469 [0.000,1.000]
  Step   380/12000  loss=0.195847  best_obj=0.061523  lr=0.02993  geo=0.00  patch_std=0.1465 [0.000,1.000]
  Step   390/12000  loss=0.121591  best_obj=0.040324  lr=0.02993  geo=0.00  patch_std=0.1479 [0.000,1.000]
  Step   400/12000  loss=0.168948  best_obj=0.040324  lr=0.02993  geo=0.00  patch_std=0.1460 [0.000,1.000]
[CONF]  Step   400  mean_conf=0.6928  (baseline=0.8795, Δ=-21.2%)  suppressed(<0.25)=4/52
  Step   410/12000  loss=0.138605  best_obj=0.040324  lr=0.02992  geo=0.00  patch_std=0.1445 [0.025,1.000]
  Step   420/12000  loss=0.145938  best_obj=0.040324  lr=0.02992  geo=0.00  patch_std=0.1444 [0.000,0.990]
  Step   430/12000  loss=0.218886  best_obj=0.040324  lr=0.02991  geo=0.00  patch_std=0.1475 [0.000,1.000]
  Step   440/12000  loss=0.187522  best_obj=0.040324  lr=0.02991  geo=0.00  patch_std=0.1484 [0.000,0.988]
  Step   450/12000  loss=0.238907  best_obj=0.040324  lr=0.02991  geo=0.00  patch_std=0.1494 [0.000,1.000]
  Step   460/12000  loss=0.187577  best_obj=0.040324  lr=0.02990  geo=0.00  patch_std=0.1521 [0.000,1.000]
  Step   470/12000  loss=0.177932  best_obj=0.040324  lr=0.02990  geo=0.00  patch_std=0.1491 [0.000,1.000]
  Step   480/12000  loss=0.199606  best_obj=0.040324  lr=0.02989  geo=0.00  patch_std=0.1506 [0.000,1.000]
  Step   490/12000  loss=0.180506  best_obj=0.040324  lr=0.02989  geo=0.00  patch_std=0.1513 [0.000,1.000]
  Step   500/12000  loss=0.217439  best_obj=0.040324  lr=0.02988  geo=0.00  patch_std=0.1503 [0.000,0.970]
  Step   510/12000  loss=0.199117  best_obj=0.040324  lr=0.02988  geo=0.00  patch_std=0.1517 [0.000,1.000]
  Step   520/12000  loss=0.226882  best_obj=0.040324  lr=0.02988  geo=0.00  patch_std=0.1525 [0.000,1.000]
  Step   530/12000  loss=0.208956  best_obj=0.040324  lr=0.02987  geo=0.00  patch_std=0.1527 [0.016,1.000]
  Step   540/12000  loss=0.174278  best_obj=0.040324  lr=0.02987  geo=0.00  patch_std=0.1519 [0.000,1.000]
  Step   550/12000  loss=0.181922  best_obj=0.040324  lr=0.02986  geo=0.00  patch_std=0.1517 [0.000,1.000]
  Step   560/12000  loss=0.226985  best_obj=0.040324  lr=0.02986  geo=0.00  patch_std=0.1520 [0.000,0.984]
  Step   570/12000  loss=0.151491  best_obj=0.031367  lr=0.02985  geo=0.00  patch_std=0.1519 [0.016,1.000]
  Step   580/12000  loss=0.256790  best_obj=0.028341  lr=0.02985  geo=0.00  patch_std=0.1554 [0.000,1.000]
  Step   590/12000  loss=0.169286  best_obj=0.028341  lr=0.02984  geo=0.00  patch_std=0.1566 [0.000,1.000]
  Step   600/12000  loss=0.166233  best_obj=0.028341  lr=0.02983  geo=0.00  patch_std=0.1570 [0.000,1.000]
[CONF]  Step   600  mean_conf=0.6890  (baseline=0.8795, Δ=-21.7%)  suppressed(<0.25)=4/52
  Step   610/12000  loss=0.183725  best_obj=0.028341  lr=0.02983  geo=0.00  patch_std=0.1546 [0.000,1.000]
  Step   620/12000  loss=0.201527  best_obj=0.028341  lr=0.02982  geo=0.00  patch_std=0.1596 [0.000,1.000]
  Step   630/12000  loss=0.162137  best_obj=0.028341  lr=0.02982  geo=0.00  patch_std=0.1572 [0.000,1.000]
  Step   640/12000  loss=0.161121  best_obj=0.028341  lr=0.02981  geo=0.00  patch_std=0.1577 [0.000,1.000]
  Step   650/12000  loss=0.191778  best_obj=0.028341  lr=0.02981  geo=0.00  patch_std=0.1569 [0.000,1.000]
  Step   660/12000  loss=0.209442  best_obj=0.028341  lr=0.02980  geo=0.00  patch_std=0.1589 [0.000,1.000]
  Step   670/12000  loss=0.196460  best_obj=0.028341  lr=0.02979  geo=0.00  patch_std=0.1597 [0.000,1.000]
  Step   680/12000  loss=0.177081  best_obj=0.028341  lr=0.02979  geo=0.00  patch_std=0.1604 [0.000,1.000]
  Step   690/12000  loss=0.189232  best_obj=0.028341  lr=0.02978  geo=0.00  patch_std=0.1616 [0.000,1.000]
  Step   700/12000  loss=0.181966  best_obj=0.028341  lr=0.02977  geo=0.00  patch_std=0.1624 [0.000,1.000]
  Step   710/12000  loss=0.175987  best_obj=0.028341  lr=0.02977  geo=0.00  patch_std=0.1598 [0.000,1.000]
  Step   720/12000  loss=0.181637  best_obj=0.028341  lr=0.02976  geo=0.00  patch_std=0.1602 [0.000,1.000]
  Step   730/12000  loss=0.139558  best_obj=0.028341  lr=0.02975  geo=0.00  patch_std=0.1593 [0.000,1.000]
  Step   740/12000  loss=0.133206  best_obj=0.028341  lr=0.02975  geo=0.00  patch_std=0.1589 [0.000,1.000]
  Step   750/12000  loss=0.153075  best_obj=0.028341  lr=0.02974  geo=0.00  patch_std=0.1618 [0.000,1.000]
  Step   760/12000  loss=0.138924  best_obj=0.028341  lr=0.02973  geo=0.00  patch_std=0.1643 [0.000,1.000]
  Step   770/12000  loss=0.177081  best_obj=0.028341  lr=0.02973  geo=0.00  patch_std=0.1610 [0.000,1.000]
  Step   780/12000  loss=0.143553  best_obj=0.025580  lr=0.02972  geo=0.00  patch_std=0.1609 [0.000,1.000]
  Step   790/12000  loss=0.126119  best_obj=0.023576  lr=0.02971  geo=0.00  patch_std=0.1613 [0.000,1.000]
  Step   800/12000  loss=0.147868  best_obj=0.023576  lr=0.02971  geo=0.00  patch_std=0.1616 [0.000,1.000]
[CONF]  Step   800  mean_conf=0.6279  (baseline=0.8795, Δ=-28.6%)  suppressed(<0.25)=8/52
  Step   810/12000  loss=0.117839  best_obj=0.023576  lr=0.02970  geo=0.00  patch_std=0.1611 [0.000,1.000]
  Step   820/12000  loss=0.152941  best_obj=0.023576  lr=0.02969  geo=0.00  patch_std=0.1612 [0.000,1.000]
  Step   830/12000  loss=0.131697  best_obj=0.023576  lr=0.02968  geo=0.00  patch_std=0.1625 [0.000,1.000]
  Step   840/12000  loss=0.146945  best_obj=0.023576  lr=0.02968  geo=0.00  patch_std=0.1648 [0.000,1.000]
  Step   850/12000  loss=0.181621  best_obj=0.023576  lr=0.02967  geo=0.00  patch_std=0.1650 [0.000,1.000]
  Step   860/12000  loss=0.139000  best_obj=0.023576  lr=0.02966  geo=0.00  patch_std=0.1617 [0.000,0.999]
  Step   870/12000  loss=0.173424  best_obj=0.023576  lr=0.02965  geo=0.00  patch_std=0.1610 [0.000,1.000]
  Step   880/12000  loss=0.116044  best_obj=0.023576  lr=0.02964  geo=0.00  patch_std=0.1620 [0.000,1.000]
  Step   890/12000  loss=0.134049  best_obj=0.023576  lr=0.02964  geo=0.00  patch_std=0.1616 [0.000,1.000]
  Step   900/12000  loss=0.168916  best_obj=0.023576  lr=0.02963  geo=0.00  patch_std=0.1621 [0.000,1.000]
  Step   910/12000  loss=0.144950  best_obj=0.023576  lr=0.02962  geo=0.00  patch_std=0.1634 [0.000,1.000]
  Step   920/12000  loss=0.154281  best_obj=0.016847  lr=0.02961  geo=0.00  patch_std=0.1615 [0.000,1.000]
  Step   930/12000  loss=0.179980  best_obj=0.016847  lr=0.02960  geo=0.00  patch_std=0.1615 [0.000,1.000]
  Step   940/12000  loss=0.179640  best_obj=0.016847  lr=0.02959  geo=0.00  patch_std=0.1609 [0.000,1.000]
  Step   950/12000  loss=0.133568  best_obj=0.016847  lr=0.02959  geo=0.00  patch_std=0.1614 [0.000,0.999]
  Step   960/12000  loss=0.199004  best_obj=0.016847  lr=0.02958  geo=0.00  patch_std=0.1598 [0.000,1.000]
  Step   970/12000  loss=0.243004  best_obj=0.016847  lr=0.02957  geo=0.00  patch_std=0.1629 [0.000,1.000]
  Step   980/12000  loss=0.126178  best_obj=0.016847  lr=0.02956  geo=0.00  patch_std=0.1612 [0.000,1.000]
  Step   990/12000  loss=0.140693  best_obj=0.016847  lr=0.02955  geo=0.00  patch_std=0.1600 [0.000,1.000]
  Step  1000/12000  loss=0.147232  best_obj=0.016847  lr=0.02954  geo=0.00  patch_std=0.1611 [0.000,1.000]
[CONF]  Step  1000  mean_conf=0.6778  (baseline=0.8795, Δ=-22.9%)  suppressed(<0.25)=2/52
  Step  1010/12000  loss=0.201344  best_obj=0.016099  lr=0.02953  geo=0.00  patch_std=0.1614 [0.000,1.000]
  Step  1020/12000  loss=0.226094  best_obj=0.016099  lr=0.02952  geo=0.00  patch_std=0.1628 [0.000,1.000]
  Step  1030/12000  loss=0.151658  best_obj=0.016099  lr=0.02951  geo=0.00  patch_std=0.1615 [0.000,1.000]
  Step  1040/12000  loss=0.112781  best_obj=0.016099  lr=0.02950  geo=0.00  patch_std=0.1598 [0.001,0.997]
  Step  1050/12000  loss=0.169860  best_obj=0.016099  lr=0.02949  geo=0.00  patch_std=0.1622 [0.000,0.991]
  Step  1060/12000  loss=0.174048  best_obj=0.016099  lr=0.02948  geo=0.00  patch_std=0.1611 [0.000,0.971]
  Step  1070/12000  loss=0.181225  best_obj=0.016099  lr=0.02947  geo=0.00  patch_std=0.1633 [0.000,1.000]
  Step  1080/12000  loss=0.133346  best_obj=0.016099  lr=0.02946  geo=0.00  patch_std=0.1618 [0.000,1.000]
  Step  1090/12000  loss=0.147600  best_obj=0.016099  lr=0.02945  geo=0.00  patch_std=0.1621 [0.000,1.000]
  Step  1100/12000  loss=0.201943  best_obj=0.016099  lr=0.02944  geo=0.00  patch_std=0.1613 [0.000,1.000]
  Step  1110/12000  loss=0.176325  best_obj=0.016099  lr=0.02943  geo=0.00  patch_std=0.1644 [0.000,1.000]
  Step  1120/12000  loss=0.137419  best_obj=0.016099  lr=0.02942  geo=0.00  patch_std=0.1620 [0.000,1.000]
  Step  1130/12000  loss=0.133035  best_obj=0.016099  lr=0.02941  geo=0.00  patch_std=0.1607 [0.000,0.994]
  Step  1140/12000  loss=0.138125  best_obj=0.016099  lr=0.02940  geo=0.00  patch_std=0.1608 [0.000,1.000]
  Step  1150/12000  loss=0.157300  best_obj=0.016099  lr=0.02939  geo=0.00  patch_std=0.1631 [0.000,1.000]
  Step  1160/12000  loss=0.146741  best_obj=0.016099  lr=0.02938  geo=0.00  patch_std=0.1636 [0.000,1.000]
  Step  1170/12000  loss=0.133643  best_obj=0.016099  lr=0.02937  geo=0.00  patch_std=0.1608 [0.000,0.971]
  Step  1180/12000  loss=0.148492  best_obj=0.016099  lr=0.02936  geo=0.00  patch_std=0.1625 [0.000,1.000]
  Step  1190/12000  loss=0.131876  best_obj=0.016099  lr=0.02935  geo=0.00  patch_std=0.1658 [0.000,0.979]
  Step  1200/12000  loss=0.183482  best_obj=0.016099  lr=0.02934  geo=0.00  patch_std=0.1648 [0.000,1.000]
[CONF]  Step  1200  mean_conf=0.6377  (baseline=0.8795, Δ=-27.5%)  suppressed(<0.25)=5/52
  Step  1210/12000  loss=0.212289  best_obj=0.016099  lr=0.02933  geo=0.00  patch_std=0.1656 [0.000,1.000]
  Step  1220/12000  loss=0.138961  best_obj=0.016099  lr=0.02932  geo=0.00  patch_std=0.1667 [0.000,1.000]
  Step  1230/12000  loss=0.151289  best_obj=0.016099  lr=0.02931  geo=0.00  patch_std=0.1677 [0.000,0.998]
  Step  1240/12000  loss=0.120403  best_obj=0.016099  lr=0.02930  geo=0.00  patch_std=0.1648 [0.000,0.982]
  Step  1250/12000  loss=0.185712  best_obj=0.016099  lr=0.02928  geo=0.00  patch_std=0.1645 [0.000,1.000]
  Step  1260/12000  loss=0.118793  best_obj=0.016099  lr=0.02927  geo=0.00  patch_std=0.1645 [0.000,1.000]
  Step  1270/12000  loss=0.158748  best_obj=0.016099  lr=0.02926  geo=0.00  patch_std=0.1626 [0.000,0.986]
  Step  1280/12000  loss=0.169739  best_obj=0.016099  lr=0.02925  geo=0.00  patch_std=0.1618 [0.000,1.000]
  Step  1290/12000  loss=0.143739  best_obj=0.016099  lr=0.02924  geo=0.00  patch_std=0.1649 [0.000,0.998]
  Step  1300/12000  loss=0.190896  best_obj=0.016099  lr=0.02923  geo=0.00  patch_std=0.1659 [0.000,1.000]
  Step  1310/12000  loss=0.129069  best_obj=0.016099  lr=0.02921  geo=0.00  patch_std=0.1650 [0.000,0.997]
  Step  1320/12000  loss=0.161569  best_obj=0.016099  lr=0.02920  geo=0.00  patch_std=0.1645 [0.000,1.000]
  Step  1330/12000  loss=0.189595  best_obj=0.016099  lr=0.02919  geo=0.00  patch_std=0.1665 [0.000,1.000]
  Step  1340/12000  loss=0.112871  best_obj=0.016099  lr=0.02918  geo=0.00  patch_std=0.1608 [0.000,1.000]
  Step  1350/12000  loss=0.183751  best_obj=0.016099  lr=0.02917  geo=0.00  patch_std=0.1633 [0.000,1.000]
  Step  1360/12000  loss=0.204331  best_obj=0.016099  lr=0.02915  geo=0.00  patch_std=0.1660 [0.000,1.000]
  Step  1370/12000  loss=0.124465  best_obj=0.016099  lr=0.02914  geo=0.00  patch_std=0.1637 [0.000,1.000]
  Step  1380/12000  loss=0.153232  best_obj=0.016099  lr=0.02913  geo=0.00  patch_std=0.1628 [0.000,1.000]
  Step  1390/12000  loss=0.154765  best_obj=0.016099  lr=0.02912  geo=0.00  patch_std=0.1656 [0.000,1.000]
  Step  1400/12000  loss=0.130852  best_obj=0.016099  lr=0.02910  geo=0.00  patch_std=0.1653 [0.000,0.999]
[CONF]  Step  1400  mean_conf=0.6377  (baseline=0.8795, Δ=-27.5%)  suppressed(<0.25)=5/52
  Step  1410/12000  loss=0.139284  best_obj=0.016099  lr=0.02909  geo=0.00  patch_std=0.1644 [0.000,1.000]
  Step  1420/12000  loss=0.134700  best_obj=0.016099  lr=0.02908  geo=0.00  patch_std=0.1650 [0.000,1.000]
  Step  1430/12000  loss=0.170347  best_obj=0.016099  lr=0.02907  geo=0.00  patch_std=0.1681 [0.000,1.000]
  Step  1440/12000  loss=0.163586  best_obj=0.016099  lr=0.02905  geo=0.00  patch_std=0.1664 [0.000,1.000]
  Step  1450/12000  loss=0.130304  best_obj=0.016099  lr=0.02904  geo=0.00  patch_std=0.1664 [0.000,1.000]
  Step  1460/12000  loss=0.130779  best_obj=0.016099  lr=0.02903  geo=0.00  patch_std=0.1653 [0.000,0.997]
  Step  1470/12000  loss=0.151627  best_obj=0.016099  lr=0.02901  geo=0.00  patch_std=0.1635 [0.000,0.979]
  Step  1480/12000  loss=0.161315  best_obj=0.016099  lr=0.02900  geo=0.00  patch_std=0.1642 [0.000,1.000]
  Step  1490/12000  loss=0.095487  best_obj=0.016099  lr=0.02899  geo=0.00  patch_std=0.1643 [0.000,1.000]
  Step  1500/12000  loss=0.121967  best_obj=0.015738  lr=0.02897  geo=0.00  patch_std=0.1655 [0.000,1.000]
  Step  1510/12000  loss=0.135591  best_obj=0.015738  lr=0.02896  geo=0.00  patch_std=0.1687 [0.000,1.000]
  Step  1520/12000  loss=0.112195  best_obj=0.015738  lr=0.02895  geo=0.00  patch_std=0.1666 [0.000,1.000]
  Step  1530/12000  loss=0.162608  best_obj=0.015738  lr=0.02893  geo=0.00  patch_std=0.1703 [0.000,1.000]
  Step  1540/12000  loss=0.149947  best_obj=0.015738  lr=0.02892  geo=0.00  patch_std=0.1664 [0.000,1.000]
  Step  1550/12000  loss=0.125753  best_obj=0.015738  lr=0.02890  geo=0.00  patch_std=0.1660 [0.000,1.000]
  Step  1560/12000  loss=0.115784  best_obj=0.015738  lr=0.02889  geo=0.00  patch_std=0.1663 [0.000,1.000]
  Step  1570/12000  loss=0.129565  best_obj=0.015738  lr=0.02888  geo=0.00  patch_std=0.1650 [0.000,1.000]
  Step  1580/12000  loss=0.142804  best_obj=0.015738  lr=0.02886  geo=0.00  patch_std=0.1656 [0.000,1.000]
  Step  1590/12000  loss=0.166813  best_obj=0.015738  lr=0.02885  geo=0.00  patch_std=0.1662 [0.000,1.000]
  Step  1600/12000  loss=0.131684  best_obj=0.015738  lr=0.02883  geo=0.00  patch_std=0.1678 [0.000,1.000]
[CONF]  Step  1600  mean_conf=0.5507  (baseline=0.8795, Δ=-37.4%)  suppressed(<0.25)=7/52
  Step  1610/12000  loss=0.151988  best_obj=0.015738  lr=0.02882  geo=0.00  patch_std=0.1667 [0.000,1.000]
  Step  1620/12000  loss=0.186670  best_obj=0.015738  lr=0.02881  geo=0.00  patch_std=0.1678 [0.000,1.000]
  Step  1630/12000  loss=0.118999  best_obj=0.015738  lr=0.02879  geo=0.00  patch_std=0.1681 [0.000,1.000]
  Step  1640/12000  loss=0.148601  best_obj=0.015738  lr=0.02878  geo=0.00  patch_std=0.1634 [0.000,0.996]
  Step  1650/12000  loss=0.131251  best_obj=0.015738  lr=0.02876  geo=0.00  patch_std=0.1665 [0.000,1.000]
  Step  1660/12000  loss=0.114148  best_obj=0.015738  lr=0.02875  geo=0.00  patch_std=0.1649 [0.000,1.000]
  Step  1670/12000  loss=0.141500  best_obj=0.015738  lr=0.02873  geo=0.00  patch_std=0.1660 [0.000,1.000]
  Step  1680/12000  loss=0.237774  best_obj=0.015738  lr=0.02872  geo=0.00  patch_std=0.1639 [0.023,0.992]
  Step  1690/12000  loss=0.159456  best_obj=0.015738  lr=0.02870  geo=0.00  patch_std=0.1661 [0.000,1.000]
  Step  1700/12000  loss=0.171253  best_obj=0.015738  lr=0.02869  geo=0.00  patch_std=0.1676 [0.000,1.000]
  Step  1710/12000  loss=0.091308  best_obj=0.015738  lr=0.02867  geo=0.00  patch_std=0.1641 [0.000,0.991]
  Step  1720/12000  loss=0.124405  best_obj=0.015738  lr=0.02866  geo=0.00  patch_std=0.1652 [0.000,0.999]
  Step  1730/12000  loss=0.148353  best_obj=0.015738  lr=0.02864  geo=0.00  patch_std=0.1671 [0.000,1.000]
  Step  1740/12000  loss=0.119018  best_obj=0.015738  lr=0.02862  geo=0.00  patch_std=0.1683 [0.000,1.000]
  Step  1750/12000  loss=0.124788  best_obj=0.015738  lr=0.02861  geo=0.00  patch_std=0.1674 [0.000,1.000]
  Step  1760/12000  loss=0.134312  best_obj=0.015738  lr=0.02859  geo=0.00  patch_std=0.1666 [0.000,1.000]
  Step  1770/12000  loss=0.108876  best_obj=0.015738  lr=0.02858  geo=0.00  patch_std=0.1683 [0.000,1.000]
  Step  1780/12000  loss=0.158861  best_obj=0.015738  lr=0.02856  geo=0.00  patch_std=0.1677 [0.000,1.000]
  Step  1790/12000  loss=0.169573  best_obj=0.015738  lr=0.02855  geo=0.00  patch_std=0.1696 [0.000,1.000]
  Step  1800/12000  loss=0.143455  best_obj=0.015738  lr=0.02853  geo=0.00  patch_std=0.1672 [0.000,1.000]
[CONF]  Step  1800  mean_conf=0.5507  (baseline=0.8795, Δ=-37.4%)  suppressed(<0.25)=7/52
  Step  1810/12000  loss=0.153812  best_obj=0.015738  lr=0.02851  geo=0.00  patch_std=0.1683 [0.000,1.000]
  Step  1820/12000  loss=0.147705  best_obj=0.015738  lr=0.02850  geo=0.00  patch_std=0.1672 [0.000,1.000]
  Step  1830/12000  loss=0.112444  best_obj=0.015738  lr=0.02848  geo=0.00  patch_std=0.1685 [0.000,1.000]
  Step  1840/12000  loss=0.173267  best_obj=0.015738  lr=0.02847  geo=0.00  patch_std=0.1663 [0.000,1.000]
  Step  1850/12000  loss=0.109255  best_obj=0.015738  lr=0.02845  geo=0.00  patch_std=0.1660 [0.000,1.000]
  Step  1860/12000  loss=0.140641  best_obj=0.015738  lr=0.02843  geo=0.00  patch_std=0.1659 [0.000,1.000]
  Step  1870/12000  loss=0.158007  best_obj=0.015738  lr=0.02842  geo=0.00  patch_std=0.1686 [0.000,0.995]
  Step  1880/12000  loss=0.131491  best_obj=0.015738  lr=0.02840  geo=0.00  patch_std=0.1664 [0.000,1.000]
  Step  1890/12000  loss=0.091548  best_obj=0.013097  lr=0.02838  geo=0.00  patch_std=0.1645 [0.000,1.000]
  Step  1900/12000  loss=0.154736  best_obj=0.013097  lr=0.02837  geo=0.00  patch_std=0.1652 [0.000,1.000]
  Step  1910/12000  loss=0.145489  best_obj=0.013097  lr=0.02835  geo=0.00  patch_std=0.1665 [0.000,1.000]
  Step  1920/12000  loss=0.138926  best_obj=0.013097  lr=0.02833  geo=0.00  patch_std=0.1653 [0.000,1.000]
  Step  1930/12000  loss=0.119362  best_obj=0.013097  lr=0.02831  geo=0.00  patch_std=0.1638 [0.000,1.000]
  Step  1940/12000  loss=0.085628  best_obj=0.013097  lr=0.02830  geo=0.00  patch_std=0.1628 [0.000,1.000]
  Step  1950/12000  loss=0.142351  best_obj=0.013097  lr=0.02828  geo=0.00  patch_std=0.1650 [0.000,1.000]
  Step  1960/12000  loss=0.109728  best_obj=0.013097  lr=0.02826  geo=0.00  patch_std=0.1644 [0.000,1.000]
  Step  1970/12000  loss=0.125785  best_obj=0.013097  lr=0.02825  geo=0.00  patch_std=0.1699 [0.000,1.000]
  Step  1980/12000  loss=0.126743  best_obj=0.013097  lr=0.02823  geo=0.00  patch_std=0.1685 [0.000,1.000]
  Step  1990/12000  loss=0.157098  best_obj=0.013097  lr=0.02821  geo=0.00  patch_std=0.1658 [0.000,1.000]
  Step  2000/12000  loss=0.146649  best_obj=0.013097  lr=0.02819  geo=0.00  patch_std=0.1665 [0.000,1.000]
[CONF]  Step  2000  mean_conf=0.5526  (baseline=0.8795, Δ=-37.2%)  suppressed(<0.25)=9/52
  Step  2010/12000  loss=0.183598  best_obj=0.013097  lr=0.02818  geo=0.00  patch_std=0.1658 [0.000,1.000]
  Step  2020/12000  loss=0.133759  best_obj=0.013097  lr=0.02816  geo=0.00  patch_std=0.1635 [0.000,1.000]
  Step  2030/12000  loss=0.166163  best_obj=0.013097  lr=0.02814  geo=0.00  patch_std=0.1629 [0.000,1.000]
  Step  2040/12000  loss=0.163302  best_obj=0.013097  lr=0.02812  geo=0.00  patch_std=0.1606 [0.000,0.969]
  Step  2050/12000  loss=0.094699  best_obj=0.013097  lr=0.02810  geo=0.00  patch_std=0.1633 [0.000,1.000]
  Step  2060/12000  loss=0.072660  best_obj=0.007682  lr=0.02809  geo=0.00  patch_std=0.1582 [0.012,0.972]
  Step  2070/12000  loss=0.125248  best_obj=0.007682  lr=0.02807  geo=0.00  patch_std=0.1575 [0.000,0.999]
  Step  2080/12000  loss=0.128828  best_obj=0.007682  lr=0.02805  geo=0.00  patch_std=0.1598 [0.000,1.000]
  Step  2090/12000  loss=0.155243  best_obj=0.007682  lr=0.02803  geo=0.00  patch_std=0.1617 [0.000,1.000]
  Step  2100/12000  loss=0.088969  best_obj=0.007682  lr=0.02801  geo=0.00  patch_std=0.1612 [0.000,1.000]
  Step  2110/12000  loss=0.147775  best_obj=0.007682  lr=0.02799  geo=0.00  patch_std=0.1629 [0.000,1.000]
  Step  2120/12000  loss=0.131066  best_obj=0.007682  lr=0.02798  geo=0.00  patch_std=0.1633 [0.000,1.000]
  Step  2130/12000  loss=0.098655  best_obj=0.007682  lr=0.02796  geo=0.00  patch_std=0.1592 [0.000,0.974]
  Step  2140/12000  loss=0.127745  best_obj=0.007682  lr=0.02794  geo=0.00  patch_std=0.1610 [0.000,1.000]
  Step  2150/12000  loss=0.138690  best_obj=0.007682  lr=0.02792  geo=0.00  patch_std=0.1596 [0.000,0.997]
  Step  2160/12000  loss=0.178843  best_obj=0.007682  lr=0.02790  geo=0.00  patch_std=0.1618 [0.000,1.000]
  Step  2170/12000  loss=0.096153  best_obj=0.007682  lr=0.02788  geo=0.00  patch_std=0.1604 [0.000,0.989]
  Step  2180/12000  loss=0.137456  best_obj=0.007682  lr=0.02786  geo=0.00  patch_std=0.1603 [0.000,0.999]
  Step  2190/12000  loss=0.143261  best_obj=0.007682  lr=0.02784  geo=0.00  patch_std=0.1605 [0.000,0.984]
  Step  2200/12000  loss=0.151857  best_obj=0.007682  lr=0.02782  geo=0.00  patch_std=0.1642 [0.000,1.000]
[CONF]  Step  2200  mean_conf=0.5006  (baseline=0.8795, Δ=-43.1%)  suppressed(<0.25)=11/52
  Step  2210/12000  loss=0.137880  best_obj=0.007682  lr=0.02780  geo=0.00  patch_std=0.1626 [0.000,1.000]
  Step  2220/12000  loss=0.092318  best_obj=0.007682  lr=0.02778  geo=0.00  patch_std=0.1621 [0.000,0.972]
  Step  2230/12000  loss=0.144228  best_obj=0.007682  lr=0.02777  geo=0.00  patch_std=0.1666 [0.000,1.000]
  Step  2240/12000  loss=0.158283  best_obj=0.007682  lr=0.02775  geo=0.00  patch_std=0.1645 [0.000,1.000]
  Step  2250/12000  loss=0.129204  best_obj=0.007682  lr=0.02773  geo=0.00  patch_std=0.1669 [0.000,1.000]
  Step  2260/12000  loss=0.168616  best_obj=0.007682  lr=0.02771  geo=0.00  patch_std=0.1666 [0.001,1.000]
  Step  2270/12000  loss=0.110050  best_obj=0.007682  lr=0.02769  geo=0.00  patch_std=0.1660 [0.000,1.000]
  Step  2280/12000  loss=0.110716  best_obj=0.007682  lr=0.02767  geo=0.00  patch_std=0.1679 [0.000,1.000]
  Step  2290/12000  loss=0.086381  best_obj=0.007682  lr=0.02765  geo=0.00  patch_std=0.1641 [0.000,1.000]
  Step  2300/12000  loss=0.089107  best_obj=0.007682  lr=0.02763  geo=0.00  patch_std=0.1624 [0.000,0.994]
  Step  2310/12000  loss=0.126336  best_obj=0.007682  lr=0.02761  geo=0.00  patch_std=0.1668 [0.000,1.000]
  Step  2320/12000  loss=0.124898  best_obj=0.007682  lr=0.02759  geo=0.00  patch_std=0.1661 [0.000,1.000]
  Step  2330/12000  loss=0.168267  best_obj=0.007682  lr=0.02757  geo=0.00  patch_std=0.1658 [0.000,1.000]
  Step  2340/12000  loss=0.123255  best_obj=0.004951  lr=0.02755  geo=0.00  patch_std=0.1624 [0.000,1.000]
  Step  2350/12000  loss=0.117442  best_obj=0.004951  lr=0.02753  geo=0.00  patch_std=0.1643 [0.000,1.000]
  Step  2360/12000  loss=0.073755  best_obj=0.004951  lr=0.02751  geo=0.00  patch_std=0.1627 [0.000,0.990]
  Step  2370/12000  loss=0.092959  best_obj=0.004951  lr=0.02749  geo=0.00  patch_std=0.1627 [0.000,0.972]
  Step  2380/12000  loss=0.123046  best_obj=0.004951  lr=0.02746  geo=0.00  patch_std=0.1646 [0.000,0.966]
  Step  2390/12000  loss=0.098874  best_obj=0.004951  lr=0.02744  geo=0.00  patch_std=0.1647 [0.000,1.000]
  Step  2400/12000  loss=0.140341  best_obj=0.004951  lr=0.02742  geo=0.00  patch_std=0.1644 [0.000,0.999]
[CONF]  Step  2400  mean_conf=0.5339  (baseline=0.8795, Δ=-39.3%)  suppressed(<0.25)=13/52
  Step  2410/12000  loss=0.119212  best_obj=0.004951  lr=0.02740  geo=0.00  patch_std=0.1643 [0.000,0.993]
  Step  2420/12000  loss=0.143273  best_obj=0.004951  lr=0.02738  geo=0.01  patch_std=0.1654 [0.000,0.993]
  Step  2430/12000  loss=0.114457  best_obj=0.004951  lr=0.02736  geo=0.01  patch_std=0.1648 [0.000,1.000]
  Step  2440/12000  loss=0.157822  best_obj=0.004951  lr=0.02734  geo=0.01  patch_std=0.1625 [0.000,0.992]
  Step  2450/12000  loss=0.137599  best_obj=0.004951  lr=0.02732  geo=0.02  patch_std=0.1681 [0.000,0.999]
  Step  2460/12000  loss=0.096822  best_obj=0.004951  lr=0.02730  geo=0.02  patch_std=0.1651 [0.000,0.998]
  Step  2470/12000  loss=0.143586  best_obj=0.004951  lr=0.02728  geo=0.02  patch_std=0.1655 [0.000,0.988]
  Step  2480/12000  loss=0.142307  best_obj=0.004951  lr=0.02725  geo=0.03  patch_std=0.1676 [0.000,1.000]
  Step  2490/12000  loss=0.105139  best_obj=0.004951  lr=0.02723  geo=0.03  patch_std=0.1677 [0.000,1.000]
  Step  2500/12000  loss=0.120183  best_obj=0.004951  lr=0.02721  geo=0.03  patch_std=0.1703 [0.000,0.990]
  Step  2510/12000  loss=0.126612  best_obj=0.004951  lr=0.02719  geo=0.04  patch_std=0.1705 [0.000,1.000]
  Step  2520/12000  loss=0.154832  best_obj=0.004951  lr=0.02717  geo=0.04  patch_std=0.1698 [0.000,0.973]
  Step  2530/12000  loss=0.105041  best_obj=0.004951  lr=0.02715  geo=0.04  patch_std=0.1675 [0.000,1.000]
  Step  2540/12000  loss=0.106910  best_obj=0.004951  lr=0.02713  geo=0.05  patch_std=0.1690 [0.000,0.973]
  Step  2550/12000  loss=0.146921  best_obj=0.004951  lr=0.02710  geo=0.05  patch_std=0.1649 [0.000,0.973]
  Step  2560/12000  loss=0.116527  best_obj=0.004951  lr=0.02708  geo=0.05  patch_std=0.1664 [0.000,0.973]
  Step  2570/12000  loss=0.124696  best_obj=0.004951  lr=0.02706  geo=0.06  patch_std=0.1636 [0.000,0.986]
  Step  2580/12000  loss=0.128286  best_obj=0.004951  lr=0.02704  geo=0.06  patch_std=0.1675 [0.000,1.000]
  Step  2590/12000  loss=0.117483  best_obj=0.004951  lr=0.02702  geo=0.06  patch_std=0.1668 [0.000,0.998]
  Step  2600/12000  loss=0.091060  best_obj=0.004951  lr=0.02699  geo=0.07  patch_std=0.1668 [0.000,0.973]
[CONF]  Step  2600  mean_conf=0.5339  (baseline=0.8795, Δ=-39.3%)  suppressed(<0.25)=13/52
  Step  2610/12000  loss=0.083241  best_obj=0.004951  lr=0.02697  geo=0.07  patch_std=0.1661 [0.000,0.993]
  Step  2620/12000  loss=0.124233  best_obj=0.004951  lr=0.02695  geo=0.07  patch_std=0.1676 [0.000,1.000]
  Step  2630/12000  loss=0.098703  best_obj=0.004951  lr=0.02693  geo=0.08  patch_std=0.1671 [0.000,1.000]
  Step  2640/12000  loss=0.175394  best_obj=0.004951  lr=0.02690  geo=0.08  patch_std=0.1667 [0.000,1.000]
  Step  2650/12000  loss=0.098370  best_obj=0.004951  lr=0.02688  geo=0.08  patch_std=0.1694 [0.000,0.993]
  Step  2660/12000  loss=0.148201  best_obj=0.004951  lr=0.02686  geo=0.09  patch_std=0.1677 [0.000,0.973]
  Step  2670/12000  loss=0.145739  best_obj=0.004951  lr=0.02684  geo=0.09  patch_std=0.1697 [0.000,0.997]
  Step  2680/12000  loss=0.163833  best_obj=0.004951  lr=0.02681  geo=0.09  patch_std=0.1702 [0.000,0.990]
  Step  2690/12000  loss=0.130469  best_obj=0.004951  lr=0.02679  geo=0.10  patch_std=0.1713 [0.000,1.000]
  Step  2700/12000  loss=0.128565  best_obj=0.004951  lr=0.02677  geo=0.10  patch_std=0.1696 [0.000,1.000]
  Step  2710/12000  loss=0.106838  best_obj=0.004951  lr=0.02674  geo=0.10  patch_std=0.1710 [0.000,0.993]
  Step  2720/12000  loss=0.078965  best_obj=0.004951  lr=0.02672  geo=0.11  patch_std=0.1724 [0.000,1.000]
  Step  2730/12000  loss=0.083947  best_obj=0.004951  lr=0.02670  geo=0.11  patch_std=0.1707 [0.000,0.998]
  Step  2740/12000  loss=0.151047  best_obj=0.004951  lr=0.02667  geo=0.11  patch_std=0.1689 [0.000,1.000]
  Step  2750/12000  loss=0.105173  best_obj=0.004951  lr=0.02665  geo=0.12  patch_std=0.1649 [0.000,0.973]
  Step  2760/12000  loss=0.150863  best_obj=0.004951  lr=0.02663  geo=0.12  patch_std=0.1678 [0.000,0.973]
  Step  2770/12000  loss=0.121223  best_obj=0.004951  lr=0.02660  geo=0.12  patch_std=0.1694 [0.000,1.000]
  Step  2780/12000  loss=0.131198  best_obj=0.004951  lr=0.02658  geo=0.13  patch_std=0.1675 [0.000,0.972]
  Step  2790/12000  loss=0.153742  best_obj=0.004951  lr=0.02656  geo=0.13  patch_std=0.1689 [0.000,1.000]
  Step  2800/12000  loss=0.133374  best_obj=0.004951  lr=0.02653  geo=0.13  patch_std=0.1681 [0.000,1.000]
[CONF]  Step  2800  mean_conf=0.5339  (baseline=0.8795, Δ=-39.3%)  suppressed(<0.25)=13/52
  Step  2810/12000  loss=0.101552  best_obj=0.004951  lr=0.02651  geo=0.14  patch_std=0.1682 [0.000,0.987]
  Step  2820/12000  loss=0.169611  best_obj=0.004951  lr=0.02649  geo=0.14  patch_std=0.1702 [0.000,1.000]
  Step  2830/12000  loss=0.100136  best_obj=0.004951  lr=0.02646  geo=0.14  patch_std=0.1690 [0.001,1.000]
  Step  2840/12000  loss=0.141740  best_obj=0.004951  lr=0.02644  geo=0.15  patch_std=0.1724 [0.000,1.000]
  Step  2850/12000  loss=0.136667  best_obj=0.004951  lr=0.02642  geo=0.15  patch_std=0.1679 [0.000,0.974]
  Step  2860/12000  loss=0.147942  best_obj=0.004951  lr=0.02639  geo=0.15  patch_std=0.1707 [0.000,1.000]
  Step  2870/12000  loss=0.099005  best_obj=0.004951  lr=0.02637  geo=0.16  patch_std=0.1715 [0.000,1.000]
  Step  2880/12000  loss=0.128109  best_obj=0.004951  lr=0.02634  geo=0.16  patch_std=0.1695 [0.000,1.000]
  Step  2890/12000  loss=0.089947  best_obj=0.004951  lr=0.02632  geo=0.16  patch_std=0.1708 [0.000,1.000]
  Step  2900/12000  loss=0.096433  best_obj=0.004951  lr=0.02629  geo=0.17  patch_std=0.1707 [0.000,1.000]
  Step  2910/12000  loss=0.116502  best_obj=0.004951  lr=0.02627  geo=0.17  patch_std=0.1690 [0.000,1.000]
  Step  2920/12000  loss=0.078161  best_obj=0.004951  lr=0.02625  geo=0.17  patch_std=0.1686 [0.001,1.000]
  Step  2930/12000  loss=0.103924  best_obj=0.004951  lr=0.02622  geo=0.18  patch_std=0.1702 [0.000,1.000]
  Step  2940/12000  loss=0.118283  best_obj=0.004951  lr=0.02620  geo=0.18  patch_std=0.1739 [0.000,1.000]
  Step  2950/12000  loss=0.096972  best_obj=0.004951  lr=0.02617  geo=0.18  patch_std=0.1722 [0.000,1.000]
  Step  2960/12000  loss=0.078254  best_obj=0.004951  lr=0.02615  geo=0.19  patch_std=0.1713 [0.000,1.000]
  Step  2970/12000  loss=0.097553  best_obj=0.004951  lr=0.02612  geo=0.19  patch_std=0.1706 [0.000,0.980]
  Step  2980/12000  loss=0.115109  best_obj=0.004951  lr=0.02610  geo=0.19  patch_std=0.1742 [0.000,1.000]
  Step  2990/12000  loss=0.127460  best_obj=0.004951  lr=0.02607  geo=0.20  patch_std=0.1738 [0.000,1.000]
  Step  3000/12000  loss=0.088133  best_obj=0.004951  lr=0.02605  geo=0.20  patch_std=0.1717 [0.000,1.000]
[CONF]  Step  3000  mean_conf=0.5339  (baseline=0.8795, Δ=-39.3%)  suppressed(<0.25)=13/52
  Step  3010/12000  loss=0.102119  best_obj=0.004951  lr=0.02602  geo=0.20  patch_std=0.1718 [0.000,1.000]
  Step  3020/12000  loss=0.133101  best_obj=0.004951  lr=0.02600  geo=0.21  patch_std=0.1741 [0.000,0.999]
  Step  3030/12000  loss=0.081335  best_obj=0.004951  lr=0.02597  geo=0.21  patch_std=0.1716 [0.013,1.000]
  Step  3040/12000  loss=0.126283  best_obj=0.004951  lr=0.02595  geo=0.21  patch_std=0.1753 [0.000,1.000]
  Step  3050/12000  loss=0.101478  best_obj=0.004951  lr=0.02592  geo=0.22  patch_std=0.1747 [0.000,1.000]
  Step  3060/12000  loss=0.201648  best_obj=0.004951  lr=0.02590  geo=0.22  patch_std=0.1781 [0.000,1.000]
  Step  3070/12000  loss=0.090426  best_obj=0.004951  lr=0.02587  geo=0.22  patch_std=0.1753 [0.000,1.000]
  Step  3080/12000  loss=0.091244  best_obj=0.004951  lr=0.02585  geo=0.23  patch_std=0.1731 [0.001,1.000]
  Step  3090/12000  loss=0.095296  best_obj=0.004951  lr=0.02582  geo=0.23  patch_std=0.1737 [0.000,1.000]
  Step  3100/12000  loss=0.132106  best_obj=0.004951  lr=0.02579  geo=0.23  patch_std=0.1740 [0.000,1.000]
  Step  3110/12000  loss=0.095457  best_obj=0.004951  lr=0.02577  geo=0.24  patch_std=0.1729 [0.001,1.000]
  Step  3120/12000  loss=0.082558  best_obj=0.004951  lr=0.02574  geo=0.24  patch_std=0.1739 [0.000,1.000]
  Step  3130/12000  loss=0.102714  best_obj=0.004951  lr=0.02572  geo=0.24  patch_std=0.1750 [0.000,1.000]
  Step  3140/12000  loss=0.111762  best_obj=0.004951  lr=0.02569  geo=0.25  patch_std=0.1762 [0.000,1.000]
  Step  3150/12000  loss=0.134528  best_obj=0.004951  lr=0.02567  geo=0.25  patch_std=0.1779 [0.000,1.000]
  Step  3160/12000  loss=0.148695  best_obj=0.004610  lr=0.02564  geo=0.25  patch_std=0.1736 [0.000,0.974]
  Step  3170/12000  loss=0.103005  best_obj=0.004610  lr=0.02561  geo=0.26  patch_std=0.1746 [0.000,0.955]
  Step  3180/12000  loss=0.127461  best_obj=0.004610  lr=0.02559  geo=0.26  patch_std=0.1763 [0.000,1.000]
  Step  3190/12000  loss=0.096907  best_obj=0.004610  lr=0.02556  geo=0.26  patch_std=0.1742 [0.000,1.000]
  Step  3200/12000  loss=0.177733  best_obj=0.004610  lr=0.02554  geo=0.27  patch_std=0.1762 [0.000,1.000]
[CONF]  Step  3200  mean_conf=0.4453  (baseline=0.8795, Δ=-49.4%)  suppressed(<0.25)=18/52
  Step  3210/12000  loss=0.125850  best_obj=0.004610  lr=0.02551  geo=0.27  patch_std=0.1757 [0.000,1.000]
  Step  3220/12000  loss=0.102624  best_obj=0.004610  lr=0.02548  geo=0.27  patch_std=0.1754 [0.000,1.000]
  Step  3230/12000  loss=0.088019  best_obj=0.004610  lr=0.02546  geo=0.28  patch_std=0.1748 [0.000,1.000]
  Step  3240/12000  loss=0.117556  best_obj=0.004610  lr=0.02543  geo=0.28  patch_std=0.1751 [0.000,1.000]
  Step  3250/12000  loss=0.143636  best_obj=0.004610  lr=0.02540  geo=0.28  patch_std=0.1755 [0.000,0.999]
  Step  3260/12000  loss=0.125367  best_obj=0.004610  lr=0.02538  geo=0.29  patch_std=0.1777 [0.000,1.000]
  Step  3270/12000  loss=0.136504  best_obj=0.004610  lr=0.02535  geo=0.29  patch_std=0.1796 [0.000,1.000]
  Step  3280/12000  loss=0.233522  best_obj=0.004610  lr=0.02532  geo=0.29  patch_std=0.1793 [0.000,1.000]
  Step  3290/12000  loss=0.098260  best_obj=0.004610  lr=0.02530  geo=0.30  patch_std=0.1784 [0.000,1.000]
  Step  3300/12000  loss=0.136183  best_obj=0.004610  lr=0.02527  geo=0.30  patch_std=0.1757 [0.000,1.000]
  Step  3310/12000  loss=0.133467  best_obj=0.004610  lr=0.02524  geo=0.30  patch_std=0.1745 [0.000,1.000]
  Step  3320/12000  loss=0.058507  best_obj=0.004610  lr=0.02522  geo=0.31  patch_std=0.1713 [0.000,1.000]
  Step  3330/12000  loss=0.129692  best_obj=0.004610  lr=0.02519  geo=0.31  patch_std=0.1739 [0.000,1.000]
  Step  3340/12000  loss=0.159779  best_obj=0.004610  lr=0.02516  geo=0.31  patch_std=0.1781 [0.000,1.000]
  Step  3350/12000  loss=0.138622  best_obj=0.004610  lr=0.02513  geo=0.32  patch_std=0.1775 [0.000,1.000]
  Step  3360/12000  loss=0.113164  best_obj=0.004610  lr=0.02511  geo=0.32  patch_std=0.1747 [0.000,1.000]
  Step  3370/12000  loss=0.085562  best_obj=0.004610  lr=0.02508  geo=0.32  patch_std=0.1748 [0.000,0.978]
  Step  3380/12000  loss=0.064513  best_obj=0.004610  lr=0.02505  geo=0.33  patch_std=0.1732 [0.000,0.977]
  Step  3390/12000  loss=0.127659  best_obj=0.004610  lr=0.02503  geo=0.33  patch_std=0.1770 [0.000,1.000]
  Step  3400/12000  loss=0.150391  best_obj=0.004610  lr=0.02500  geo=0.33  patch_std=0.1746 [0.000,1.000]
[CONF]  Step  3400  mean_conf=0.4453  (baseline=0.8795, Δ=-49.4%)  suppressed(<0.25)=18/52
  Step  3410/12000  loss=0.137178  best_obj=0.004610  lr=0.02497  geo=0.34  patch_std=0.1747 [0.000,0.997]
  Step  3420/12000  loss=0.110928  best_obj=0.004610  lr=0.02494  geo=0.34  patch_std=0.1744 [0.000,0.997]
  Step  3430/12000  loss=0.077032  best_obj=0.004610  lr=0.02492  geo=0.34  patch_std=0.1761 [0.000,0.997]
  Step  3440/12000  loss=0.095186  best_obj=0.004610  lr=0.02489  geo=0.35  patch_std=0.1772 [0.000,1.000]
  Step  3450/12000  loss=0.134024  best_obj=0.004610  lr=0.02486  geo=0.35  patch_std=0.1759 [0.000,1.000]
  Step  3460/12000  loss=0.119051  best_obj=0.004610  lr=0.02483  geo=0.35  patch_std=0.1783 [0.000,1.000]
  Step  3470/12000  loss=0.089341  best_obj=0.004610  lr=0.02480  geo=0.36  patch_std=0.1769 [0.000,1.000]
  Step  3480/12000  loss=0.133691  best_obj=0.004610  lr=0.02478  geo=0.36  patch_std=0.1809 [0.000,1.000]
  Step  3490/12000  loss=0.125357  best_obj=0.004610  lr=0.02475  geo=0.36  patch_std=0.1795 [0.000,1.000]
  Step  3500/12000  loss=0.112185  best_obj=0.004610  lr=0.02472  geo=0.37  patch_std=0.1794 [0.000,1.000]
  Step  3510/12000  loss=0.087150  best_obj=0.004610  lr=0.02469  geo=0.37  patch_std=0.1802 [0.000,1.000]
  Step  3520/12000  loss=0.155323  best_obj=0.004610  lr=0.02466  geo=0.37  patch_std=0.1776 [0.000,1.000]
  Step  3530/12000  loss=0.147947  best_obj=0.004610  lr=0.02464  geo=0.38  patch_std=0.1809 [0.000,1.000]
  Step  3540/12000  loss=0.073167  best_obj=0.004610  lr=0.02461  geo=0.38  patch_std=0.1796 [0.000,1.000]
  Step  3550/12000  loss=0.167604  best_obj=0.004610  lr=0.02458  geo=0.38  patch_std=0.1818 [0.000,1.000]
  Step  3560/12000  loss=0.110241  best_obj=0.004610  lr=0.02455  geo=0.39  patch_std=0.1812 [0.000,1.000]
  Step  3570/12000  loss=0.112962  best_obj=0.004610  lr=0.02452  geo=0.39  patch_std=0.1795 [0.000,1.000]
  Step  3580/12000  loss=0.104177  best_obj=0.004610  lr=0.02449  geo=0.39  patch_std=0.1803 [0.000,1.000]
  Step  3590/12000  loss=0.105324  best_obj=0.004610  lr=0.02447  geo=0.40  patch_std=0.1818 [0.000,1.000]
  Step  3600/12000  loss=0.084495  best_obj=0.004610  lr=0.02444  geo=0.40  patch_std=0.1801 [0.000,0.984]
[CONF]  Step  3600  mean_conf=0.4453  (baseline=0.8795, Δ=-49.4%)  suppressed(<0.25)=18/52
  Step  3610/12000  loss=0.111336  best_obj=0.004610  lr=0.02441  geo=0.40  patch_std=0.1798 [0.000,0.981]
  Step  3620/12000  loss=0.116694  best_obj=0.004610  lr=0.02438  geo=0.41  patch_std=0.1798 [0.000,0.998]
  Step  3630/12000  loss=0.082926  best_obj=0.004610  lr=0.02435  geo=0.41  patch_std=0.1785 [0.000,1.000]
  Step  3640/12000  loss=0.127358  best_obj=0.004610  lr=0.02432  geo=0.41  patch_std=0.1819 [0.000,1.000]
  Step  3650/12000  loss=0.154199  best_obj=0.004610  lr=0.02429  geo=0.42  patch_std=0.1811 [0.000,1.000]
  Step  3660/12000  loss=0.097556  best_obj=0.004610  lr=0.02426  geo=0.42  patch_std=0.1788 [0.000,1.000]
  Step  3670/12000  loss=0.111653  best_obj=0.004610  lr=0.02424  geo=0.42  patch_std=0.1770 [0.000,1.000]
  Step  3680/12000  loss=0.120144  best_obj=0.004610  lr=0.02421  geo=0.43  patch_std=0.1774 [0.000,1.000]
  Step  3690/12000  loss=0.072825  best_obj=0.004610  lr=0.02418  geo=0.43  patch_std=0.1782 [0.000,1.000]
  Step  3700/12000  loss=0.142883  best_obj=0.004610  lr=0.02415  geo=0.43  patch_std=0.1798 [0.000,1.000]
  Step  3710/12000  loss=0.109732  best_obj=0.004610  lr=0.02412  geo=0.44  patch_std=0.1789 [0.002,1.000]
  Step  3720/12000  loss=0.106618  best_obj=0.004610  lr=0.02409  geo=0.44  patch_std=0.1782 [0.000,0.998]
  Step  3730/12000  loss=0.152339  best_obj=0.004610  lr=0.02406  geo=0.44  patch_std=0.1785 [0.000,1.000]
  Step  3740/12000  loss=0.131066  best_obj=0.004610  lr=0.02403  geo=0.45  patch_std=0.1775 [0.000,1.000]
  Step  3750/12000  loss=0.120894  best_obj=0.004610  lr=0.02400  geo=0.45  patch_std=0.1784 [0.000,1.000]
  Step  3760/12000  loss=0.172221  best_obj=0.004610  lr=0.02397  geo=0.45  patch_std=0.1798 [0.000,1.000]
  Step  3770/12000  loss=0.108964  best_obj=0.004610  lr=0.02394  geo=0.46  patch_std=0.1780 [0.000,1.000]
  Step  3780/12000  loss=0.132095  best_obj=0.004610  lr=0.02391  geo=0.46  patch_std=0.1776 [0.000,1.000]
  Step  3790/12000  loss=0.119524  best_obj=0.004610  lr=0.02388  geo=0.46  patch_std=0.1789 [0.000,1.000]
  Step  3800/12000  loss=0.140534  best_obj=0.004610  lr=0.02385  geo=0.47  patch_std=0.1785 [0.000,1.000]
[CONF]  Step  3800  mean_conf=0.4453  (baseline=0.8795, Δ=-49.4%)  suppressed(<0.25)=18/52
  Step  3810/12000  loss=0.098258  best_obj=0.004610  lr=0.02382  geo=0.47  patch_std=0.1791 [0.000,1.000]
  Step  3820/12000  loss=0.117094  best_obj=0.004610  lr=0.02380  geo=0.47  patch_std=0.1789 [0.000,1.000]
  Step  3830/12000  loss=0.139520  best_obj=0.004610  lr=0.02377  geo=0.48  patch_std=0.1792 [0.000,1.000]
  Step  3840/12000  loss=0.136586  best_obj=0.004610  lr=0.02374  geo=0.48  patch_std=0.1801 [0.000,1.000]
  Step  3850/12000  loss=0.073399  best_obj=0.003698  lr=0.02371  geo=0.48  patch_std=0.1788 [0.000,0.999]
  Step  3860/12000  loss=0.109267  best_obj=0.003698  lr=0.02368  geo=0.49  patch_std=0.1771 [0.000,1.000]
  Step  3870/12000  loss=0.103066  best_obj=0.003698  lr=0.02365  geo=0.49  patch_std=0.1793 [0.000,1.000]
  Step  3880/12000  loss=0.097240  best_obj=0.003698  lr=0.02362  geo=0.49  patch_std=0.1795 [0.000,1.000]
  Step  3890/12000  loss=0.128409  best_obj=0.003698  lr=0.02359  geo=0.50  patch_std=0.1796 [0.000,1.000]
  Step  3900/12000  loss=0.085111  best_obj=0.003698  lr=0.02356  geo=0.50  patch_std=0.1786 [0.000,1.000]
  Step  3910/12000  loss=0.136630  best_obj=0.003698  lr=0.02353  geo=0.50  patch_std=0.1776 [0.000,1.000]
  Step  3920/12000  loss=0.100797  best_obj=0.003698  lr=0.02350  geo=0.51  patch_std=0.1776 [0.000,0.977]
  Step  3930/12000  loss=0.106542  best_obj=0.003698  lr=0.02347  geo=0.51  patch_std=0.1796 [0.000,1.000]
  Step  3940/12000  loss=0.152190  best_obj=0.003698  lr=0.02343  geo=0.51  patch_std=0.1790 [0.000,1.000]
  Step  3950/12000  loss=0.144949  best_obj=0.003698  lr=0.02340  geo=0.52  patch_std=0.1791 [0.000,1.000]
  Step  3960/12000  loss=0.076667  best_obj=0.003698  lr=0.02337  geo=0.52  patch_std=0.1760 [0.000,1.000]
  Step  3970/12000  loss=0.124428  best_obj=0.003698  lr=0.02334  geo=0.52  patch_std=0.1750 [0.000,1.000]
  Step  3980/12000  loss=0.110707  best_obj=0.003698  lr=0.02331  geo=0.53  patch_std=0.1757 [0.000,1.000]
  Step  3990/12000  loss=0.114491  best_obj=0.003698  lr=0.02328  geo=0.53  patch_std=0.1776 [0.000,1.000]
  Step  4000/12000  loss=0.133595  best_obj=0.003698  lr=0.02325  geo=0.53  patch_std=0.1744 [0.000,1.000]
[CONF]  Step  4000  mean_conf=0.4965  (baseline=0.8795, Δ=-43.5%)  suppressed(<0.25)=11/52
  Step  4010/12000  loss=0.151970  best_obj=0.003698  lr=0.02322  geo=0.54  patch_std=0.1766 [0.000,1.000]
  Step  4020/12000  loss=0.123811  best_obj=0.003698  lr=0.02319  geo=0.54  patch_std=0.1750 [0.000,0.993]
  Step  4030/12000  loss=0.128078  best_obj=0.003698  lr=0.02316  geo=0.54  patch_std=0.1773 [0.000,1.000]
  Step  4040/12000  loss=0.126530  best_obj=0.003698  lr=0.02313  geo=0.55  patch_std=0.1787 [0.000,1.000]
  Step  4050/12000  loss=0.121020  best_obj=0.003698  lr=0.02310  geo=0.55  patch_std=0.1784 [0.000,0.988]
  Step  4060/12000  loss=0.107597  best_obj=0.003698  lr=0.02307  geo=0.55  patch_std=0.1794 [0.000,1.000]
  Step  4070/12000  loss=0.087185  best_obj=0.003698  lr=0.02304  geo=0.56  patch_std=0.1778 [0.000,1.000]
  Step  4080/12000  loss=0.123962  best_obj=0.003698  lr=0.02301  geo=0.56  patch_std=0.1788 [0.000,0.999]
  Step  4090/12000  loss=0.078594  best_obj=0.003698  lr=0.02297  geo=0.56  patch_std=0.1798 [0.000,1.000]
  Step  4100/12000  loss=0.121583  best_obj=0.003698  lr=0.02294  geo=0.57  patch_std=0.1818 [0.000,1.000]
  Step  4110/12000  loss=0.108921  best_obj=0.003698  lr=0.02291  geo=0.57  patch_std=0.1803 [0.000,1.000]
  Step  4120/12000  loss=0.093611  best_obj=0.003698  lr=0.02288  geo=0.57  patch_std=0.1800 [0.000,1.000]
  Step  4130/12000  loss=0.140949  best_obj=0.003698  lr=0.02285  geo=0.58  patch_std=0.1812 [0.000,1.000]
  Step  4140/12000  loss=0.130928  best_obj=0.003698  lr=0.02282  geo=0.58  patch_std=0.1805 [0.000,1.000]
  Step  4150/12000  loss=0.099076  best_obj=0.003698  lr=0.02279  geo=0.58  patch_std=0.1832 [0.000,1.000]
  Step  4160/12000  loss=0.121213  best_obj=0.003698  lr=0.02276  geo=0.59  patch_std=0.1823 [0.000,1.000]
  Step  4170/12000  loss=0.101273  best_obj=0.003698  lr=0.02273  geo=0.59  patch_std=0.1833 [0.000,1.000]
  Step  4180/12000  loss=0.093234  best_obj=0.003698  lr=0.02269  geo=0.59  patch_std=0.1825 [0.000,1.000]
  Step  4190/12000  loss=0.111491  best_obj=0.003698  lr=0.02266  geo=0.60  patch_std=0.1824 [0.000,1.000]
  Step  4200/12000  loss=0.076781  best_obj=0.003698  lr=0.02263  geo=0.60  patch_std=0.1827 [0.000,1.000]
[CONF]  Step  4200  mean_conf=0.4965  (baseline=0.8795, Δ=-43.5%)  suppressed(<0.25)=11/52
  Step  4210/12000  loss=0.112349  best_obj=0.003698  lr=0.02260  geo=0.60  patch_std=0.1799 [0.000,0.983]
  Step  4220/12000  loss=0.127714  best_obj=0.003698  lr=0.02257  geo=0.61  patch_std=0.1837 [0.000,1.000]
  Step  4230/12000  loss=0.132176  best_obj=0.003698  lr=0.02254  geo=0.61  patch_std=0.1836 [0.000,1.000]
  Step  4240/12000  loss=0.146756  best_obj=0.003698  lr=0.02250  geo=0.61  patch_std=0.1835 [0.000,1.000]
  Step  4250/12000  loss=0.137288  best_obj=0.003698  lr=0.02247  geo=0.62  patch_std=0.1828 [0.000,1.000]
  Step  4260/12000  loss=0.089786  best_obj=0.003698  lr=0.02244  geo=0.62  patch_std=0.1816 [0.000,1.000]
  Step  4270/12000  loss=0.099729  best_obj=0.003698  lr=0.02241  geo=0.62  patch_std=0.1828 [0.000,1.000]
  Step  4280/12000  loss=0.066620  best_obj=0.003698  lr=0.02238  geo=0.63  patch_std=0.1809 [0.000,1.000]
  Step  4290/12000  loss=0.109716  best_obj=0.003698  lr=0.02235  geo=0.63  patch_std=0.1812 [0.000,1.000]
  Step  4300/12000  loss=0.098489  best_obj=0.003698  lr=0.02231  geo=0.63  patch_std=0.1791 [0.000,1.000]
  Step  4310/12000  loss=0.107365  best_obj=0.003698  lr=0.02228  geo=0.64  patch_std=0.1784 [0.000,1.000]
  Step  4320/12000  loss=0.114553  best_obj=0.003698  lr=0.02225  geo=0.64  patch_std=0.1769 [0.000,0.978]
  Step  4330/12000  loss=0.087129  best_obj=0.003698  lr=0.02222  geo=0.64  patch_std=0.1758 [0.000,0.978]
  Step  4340/12000  loss=0.137423  best_obj=0.003307  lr=0.02219  geo=0.65  patch_std=0.1745 [0.000,1.000]
  Step  4350/12000  loss=0.082490  best_obj=0.003307  lr=0.02215  geo=0.65  patch_std=0.1761 [0.000,0.998]
  Step  4360/12000  loss=0.101715  best_obj=0.003307  lr=0.02212  geo=0.65  patch_std=0.1760 [0.000,0.978]
  Step  4370/12000  loss=0.120984  best_obj=0.003307  lr=0.02209  geo=0.66  patch_std=0.1778 [0.001,0.999]
  Step  4380/12000  loss=0.067568  best_obj=0.003307  lr=0.02206  geo=0.66  patch_std=0.1758 [0.000,1.000]
  Step  4390/12000  loss=0.084955  best_obj=0.003307  lr=0.02203  geo=0.66  patch_std=0.1802 [0.000,1.000]
  Step  4400/12000  loss=0.127920  best_obj=0.003307  lr=0.02199  geo=0.67  patch_std=0.1824 [0.000,0.978]
[CONF]  Step  4400  mean_conf=0.4846  (baseline=0.8795, Δ=-44.9%)  suppressed(<0.25)=15/52
  Step  4410/12000  loss=0.105909  best_obj=0.003307  lr=0.02196  geo=0.67  patch_std=0.1810 [0.000,0.978]
  Step  4420/12000  loss=0.122919  best_obj=0.003307  lr=0.02193  geo=0.67  patch_std=0.1807 [0.000,1.000]
  Step  4430/12000  loss=0.118553  best_obj=0.003307  lr=0.02190  geo=0.68  patch_std=0.1802 [0.000,1.000]
  Step  4440/12000  loss=0.110585  best_obj=0.003307  lr=0.02186  geo=0.68  patch_std=0.1801 [0.000,0.996]
  Step  4450/12000  loss=0.101865  best_obj=0.003307  lr=0.02183  geo=0.68  patch_std=0.1817 [0.000,1.000]
  Step  4460/12000  loss=0.122845  best_obj=0.003307  lr=0.02180  geo=0.69  patch_std=0.1833 [0.000,1.000]
  Step  4470/12000  loss=0.121245  best_obj=0.003307  lr=0.02177  geo=0.69  patch_std=0.1801 [0.000,0.998]
  Step  4480/12000  loss=0.061204  best_obj=0.003307  lr=0.02173  geo=0.69  patch_std=0.1770 [0.000,0.976]
  Step  4490/12000  loss=0.097784  best_obj=0.003307  lr=0.02170  geo=0.70  patch_std=0.1774 [0.000,0.978]
  Step  4500/12000  loss=0.084325  best_obj=0.003307  lr=0.02167  geo=0.70  patch_std=0.1786 [0.000,0.996]
  Step  4510/12000  loss=0.127714  best_obj=0.003307  lr=0.02164  geo=0.70  patch_std=0.1796 [0.000,1.000]
  Step  4520/12000  loss=0.168985  best_obj=0.003307  lr=0.02160  geo=0.71  patch_std=0.1773 [0.000,1.000]
  Step  4530/12000  loss=0.063560  best_obj=0.003307  lr=0.02157  geo=0.71  patch_std=0.1795 [0.000,1.000]
  Step  4540/12000  loss=0.066245  best_obj=0.003307  lr=0.02154  geo=0.71  patch_std=0.1791 [0.000,1.000]
  Step  4550/12000  loss=0.120847  best_obj=0.003307  lr=0.02150  geo=0.72  patch_std=0.1796 [0.000,0.978]
  Step  4560/12000  loss=0.113404  best_obj=0.003307  lr=0.02147  geo=0.72  patch_std=0.1790 [0.000,0.979]
  Step  4570/12000  loss=0.107433  best_obj=0.003307  lr=0.02144  geo=0.72  patch_std=0.1775 [0.000,0.999]
  Step  4580/12000  loss=0.139853  best_obj=0.003307  lr=0.02141  geo=0.73  patch_std=0.1793 [0.000,0.978]
  Step  4590/12000  loss=0.123883  best_obj=0.003307  lr=0.02137  geo=0.73  patch_std=0.1814 [0.000,0.979]
  Step  4600/12000  loss=0.112682  best_obj=0.003307  lr=0.02134  geo=0.73  patch_std=0.1815 [0.000,0.978]
[CONF]  Step  4600  mean_conf=0.4846  (baseline=0.8795, Δ=-44.9%)  suppressed(<0.25)=15/52
  Step  4610/12000  loss=0.092452  best_obj=0.003307  lr=0.02131  geo=0.74  patch_std=0.1849 [0.000,0.979]
  Step  4620/12000  loss=0.094220  best_obj=0.003307  lr=0.02127  geo=0.74  patch_std=0.1831 [0.000,0.990]
  Step  4630/12000  loss=0.067886  best_obj=0.003307  lr=0.02124  geo=0.74  patch_std=0.1807 [0.000,0.949]
  Step  4640/12000  loss=0.076451  best_obj=0.003307  lr=0.02121  geo=0.75  patch_std=0.1795 [0.000,0.979]
  Step  4650/12000  loss=0.129184  best_obj=0.003307  lr=0.02117  geo=0.75  patch_std=0.1789 [0.000,0.972]
  Step  4660/12000  loss=0.073900  best_obj=0.003307  lr=0.02114  geo=0.75  patch_std=0.1780 [0.000,1.000]
  Step  4670/12000  loss=0.086492  best_obj=0.003307  lr=0.02111  geo=0.76  patch_std=0.1794 [0.000,0.979]
  Step  4680/12000  loss=0.101874  best_obj=0.003307  lr=0.02107  geo=0.76  patch_std=0.1817 [0.000,1.000]
  Step  4690/12000  loss=0.088696  best_obj=0.003307  lr=0.02104  geo=0.76  patch_std=0.1789 [0.000,0.979]
  Step  4700/12000  loss=0.118375  best_obj=0.003307  lr=0.02101  geo=0.77  patch_std=0.1823 [0.000,1.000]
  Step  4710/12000  loss=0.097507  best_obj=0.003307  lr=0.02098  geo=0.77  patch_std=0.1843 [0.000,1.000]
  Step  4720/12000  loss=0.126180  best_obj=0.003307  lr=0.02094  geo=0.77  patch_std=0.1825 [0.000,1.000]
  Step  4730/12000  loss=0.077558  best_obj=0.003307  lr=0.02091  geo=0.78  patch_std=0.1815 [0.000,1.000]
  Step  4740/12000  loss=0.103130  best_obj=0.003307  lr=0.02087  geo=0.78  patch_std=0.1820 [0.000,0.999]
  Step  4750/12000  loss=0.120096  best_obj=0.003307  lr=0.02084  geo=0.78  patch_std=0.1813 [0.000,0.994]
  Step  4760/12000  loss=0.069652  best_obj=0.003307  lr=0.02081  geo=0.79  patch_std=0.1814 [0.000,0.979]
  Step  4770/12000  loss=0.106692  best_obj=0.003307  lr=0.02077  geo=0.79  patch_std=0.1823 [0.000,1.000]
  Step  4780/12000  loss=0.093489  best_obj=0.003307  lr=0.02074  geo=0.79  patch_std=0.1831 [0.000,1.000]
  Step  4790/12000  loss=0.126678  best_obj=0.003307  lr=0.02071  geo=0.80  patch_std=0.1824 [0.000,1.000]
  Step  4800/12000  loss=0.069159  best_obj=0.003307  lr=0.02067  geo=0.80  patch_std=0.1819 [0.000,0.979]
[CONF]  Step  4800  mean_conf=0.4846  (baseline=0.8795, Δ=-44.9%)  suppressed(<0.25)=15/52
  Step  4810/12000  loss=0.114849  best_obj=0.003307  lr=0.02064  geo=0.80  patch_std=0.1828 [0.000,0.997]
  Step  4820/12000  loss=0.084563  best_obj=0.003307  lr=0.02061  geo=0.81  patch_std=0.1805 [0.000,0.975]
  Step  4830/12000  loss=0.140047  best_obj=0.003307  lr=0.02057  geo=0.81  patch_std=0.1813 [0.000,0.969]
  Step  4840/12000  loss=0.116686  best_obj=0.003307  lr=0.02054  geo=0.81  patch_std=0.1816 [0.000,0.998]
  Step  4850/12000  loss=0.089051  best_obj=0.003307  lr=0.02051  geo=0.82  patch_std=0.1816 [0.000,0.971]
  Step  4860/12000  loss=0.137475  best_obj=0.003307  lr=0.02047  geo=0.82  patch_std=0.1823 [0.000,1.000]
  Step  4870/12000  loss=0.090588  best_obj=0.003307  lr=0.02044  geo=0.82  patch_std=0.1821 [0.000,0.973]
  Step  4880/12000  loss=0.069520  best_obj=0.003307  lr=0.02040  geo=0.83  patch_std=0.1840 [0.000,0.987]
  Step  4890/12000  loss=0.109637  best_obj=0.003307  lr=0.02037  geo=0.83  patch_std=0.1830 [0.000,0.949]
  Step  4900/12000  loss=0.135242  best_obj=0.003307  lr=0.02034  geo=0.83  patch_std=0.1838 [0.000,0.998]
  Step  4910/12000  loss=0.128748  best_obj=0.003307  lr=0.02030  geo=0.84  patch_std=0.1829 [0.000,0.970]
  Step  4920/12000  loss=0.100123  best_obj=0.003307  lr=0.02027  geo=0.84  patch_std=0.1832 [0.000,0.977]
  Step  4930/12000  loss=0.087947  best_obj=0.003307  lr=0.02023  geo=0.84  patch_std=0.1810 [0.000,0.994]
  Step  4940/12000  loss=0.102165  best_obj=0.003307  lr=0.02020  geo=0.85  patch_std=0.1836 [0.000,1.000]
  Step  4950/12000  loss=0.070338  best_obj=0.003307  lr=0.02017  geo=0.85  patch_std=0.1824 [0.000,0.971]
  Step  4960/12000  loss=0.145053  best_obj=0.003307  lr=0.02013  geo=0.85  patch_std=0.1816 [0.000,0.960]
  Step  4970/12000  loss=0.092823  best_obj=0.003307  lr=0.02010  geo=0.86  patch_std=0.1821 [0.000,0.980]
  Step  4980/12000  loss=0.123612  best_obj=0.003307  lr=0.02006  geo=0.86  patch_std=0.1828 [0.000,0.965]
  Step  4990/12000  loss=0.101967  best_obj=0.003307  lr=0.02003  geo=0.86  patch_std=0.1823 [0.000,0.994]
  Step  5000/12000  loss=0.126808  best_obj=0.003307  lr=0.02000  geo=0.87  patch_std=0.1795 [0.000,0.978]
[CONF]  Step  5000  mean_conf=0.4846  (baseline=0.8795, Δ=-44.9%)  suppressed(<0.25)=15/52
  Step  5010/12000  loss=0.064529  best_obj=0.003307  lr=0.01996  geo=0.87  patch_std=0.1810 [0.000,0.991]
  Step  5020/12000  loss=0.063936  best_obj=0.003307  lr=0.01993  geo=0.87  patch_std=0.1806 [0.000,0.963]
  Step  5030/12000  loss=0.106284  best_obj=0.003307  lr=0.01989  geo=0.88  patch_std=0.1802 [0.000,0.962]
  Step  5040/12000  loss=0.114470  best_obj=0.003307  lr=0.01986  geo=0.88  patch_std=0.1824 [0.000,1.000]
  Step  5050/12000  loss=0.121249  best_obj=0.003307  lr=0.01983  geo=0.88  patch_std=0.1812 [0.000,0.953]
  Step  5060/12000  loss=0.129254  best_obj=0.003307  lr=0.01979  geo=0.89  patch_std=0.1828 [0.000,0.973]
  Step  5070/12000  loss=0.137044  best_obj=0.003307  lr=0.01976  geo=0.89  patch_std=0.1818 [0.000,0.960]
  Step  5080/12000  loss=0.112421  best_obj=0.003307  lr=0.01972  geo=0.89  patch_std=0.1833 [0.000,0.977]
  Step  5090/12000  loss=0.069645  best_obj=0.003307  lr=0.01969  geo=0.90  patch_std=0.1811 [0.000,0.975]
  Step  5100/12000  loss=0.111040  best_obj=0.003307  lr=0.01965  geo=0.90  patch_std=0.1831 [0.000,0.959]
  Step  5110/12000  loss=0.057221  best_obj=0.003307  lr=0.01962  geo=0.90  patch_std=0.1825 [0.000,0.954]
  Step  5120/12000  loss=0.095040  best_obj=0.003307  lr=0.01958  geo=0.91  patch_std=0.1832 [0.000,0.998]
  Step  5130/12000  loss=0.062098  best_obj=0.003307  lr=0.01955  geo=0.91  patch_std=0.1832 [0.000,0.964]
  Step  5140/12000  loss=0.118219  best_obj=0.003307  lr=0.01952  geo=0.91  patch_std=0.1824 [0.000,0.954]
  Step  5150/12000  loss=0.093620  best_obj=0.003307  lr=0.01948  geo=0.92  patch_std=0.1832 [0.000,0.987]
  Step  5160/12000  loss=0.114775  best_obj=0.003307  lr=0.01945  geo=0.92  patch_std=0.1815 [0.000,0.971]
  Step  5170/12000  loss=0.128387  best_obj=0.003307  lr=0.01941  geo=0.92  patch_std=0.1826 [0.000,0.976]
  Step  5180/12000  loss=0.094969  best_obj=0.003307  lr=0.01938  geo=0.93  patch_std=0.1817 [0.000,0.970]
  Step  5190/12000  loss=0.156319  best_obj=0.003307  lr=0.01934  geo=0.93  patch_std=0.1805 [0.000,0.949]
  Step  5200/12000  loss=0.104476  best_obj=0.003307  lr=0.01931  geo=0.93  patch_std=0.1805 [0.000,0.964]
[CONF]  Step  5200  mean_conf=0.4846  (baseline=0.8795, Δ=-44.9%)  suppressed(<0.25)=15/52
  Step  5210/12000  loss=0.110063  best_obj=0.003307  lr=0.01927  geo=0.94  patch_std=0.1801 [0.000,0.960]
  Step  5220/12000  loss=0.107400  best_obj=0.003307  lr=0.01924  geo=0.94  patch_std=0.1837 [0.000,0.986]
  Step  5230/12000  loss=0.106087  best_obj=0.003307  lr=0.01920  geo=0.94  patch_std=0.1819 [0.000,0.983]
  Step  5240/12000  loss=0.111849  best_obj=0.003307  lr=0.01917  geo=0.95  patch_std=0.1799 [0.000,1.000]
  Step  5250/12000  loss=0.105137  best_obj=0.003307  lr=0.01914  geo=0.95  patch_std=0.1798 [0.000,0.981]
  Step  5260/12000  loss=0.116448  best_obj=0.003307  lr=0.01910  geo=0.95  patch_std=0.1801 [0.000,0.974]
  Step  5270/12000  loss=0.080617  best_obj=0.003307  lr=0.01907  geo=0.96  patch_std=0.1802 [0.000,1.000]
  Step  5280/12000  loss=0.101655  best_obj=0.003307  lr=0.01903  geo=0.96  patch_std=0.1834 [0.000,1.000]
  Step  5290/12000  loss=0.119320  best_obj=0.003307  lr=0.01900  geo=0.96  patch_std=0.1816 [0.000,1.000]
  Step  5300/12000  loss=0.093300  best_obj=0.003307  lr=0.01896  geo=0.97  patch_std=0.1815 [0.000,1.000]
  Step  5310/12000  loss=0.099891  best_obj=0.003307  lr=0.01893  geo=0.97  patch_std=0.1813 [0.000,1.000]
  Step  5320/12000  loss=0.080162  best_obj=0.003307  lr=0.01889  geo=0.97  patch_std=0.1839 [0.000,1.000]
  Step  5330/12000  loss=0.106143  best_obj=0.003307  lr=0.01886  geo=0.98  patch_std=0.1848 [0.000,1.000]
  Step  5340/12000  loss=0.126781  best_obj=0.003307  lr=0.01882  geo=0.98  patch_std=0.1846 [0.000,1.000]
  Step  5350/12000  loss=0.072713  best_obj=0.003307  lr=0.01879  geo=0.98  patch_std=0.1843 [0.000,1.000]
  Step  5360/12000  loss=0.108314  best_obj=0.003307  lr=0.01875  geo=0.99  patch_std=0.1815 [0.000,0.981]
  Step  5370/12000  loss=0.104132  best_obj=0.003307  lr=0.01872  geo=0.99  patch_std=0.1836 [0.000,1.000]
  Step  5380/12000  loss=0.148988  best_obj=0.003307  lr=0.01868  geo=0.99  patch_std=0.1840 [0.000,0.986]
  Step  5390/12000  loss=0.110390  best_obj=0.003307  lr=0.01865  geo=1.00  patch_std=0.1842 [0.000,0.967]
  Step  5400/12000  loss=0.120298  best_obj=0.003307  lr=0.01861  geo=1.00  patch_std=0.1854 [0.000,1.000]
[CONF]  Step  5400  mean_conf=0.4846  (baseline=0.8795, Δ=-44.9%)  suppressed(<0.25)=15/52
  Step  5410/12000  loss=0.085820  best_obj=0.003307  lr=0.01858  geo=1.00  patch_std=0.1845 [0.000,1.000]
  Step  5420/12000  loss=0.126001  best_obj=0.003307  lr=0.01854  geo=1.00  patch_std=0.1831 [0.000,1.000]
  Step  5430/12000  loss=0.091980  best_obj=0.003307  lr=0.01851  geo=1.00  patch_std=0.1818 [0.000,0.973]
  Step  5440/12000  loss=0.104879  best_obj=0.003307  lr=0.01847  geo=1.00  patch_std=0.1827 [0.000,1.000]
  Step  5450/12000  loss=0.077877  best_obj=0.003307  lr=0.01844  geo=1.00  patch_std=0.1823 [0.000,1.000]
  Step  5460/12000  loss=0.090323  best_obj=0.003307  lr=0.01840  geo=1.00  patch_std=0.1824 [0.000,1.000]
  Step  5470/12000  loss=0.091386  best_obj=0.003307  lr=0.01837  geo=1.00  patch_std=0.1833 [0.000,0.963]
  Step  5480/12000  loss=0.117614  best_obj=0.003307  lr=0.01833  geo=1.00  patch_std=0.1839 [0.000,0.978]
  Step  5490/12000  loss=0.085459  best_obj=0.003307  lr=0.01830  geo=1.00  patch_std=0.1828 [0.000,0.963]
  Step  5500/12000  loss=0.077851  best_obj=0.003307  lr=0.01826  geo=1.00  patch_std=0.1844 [0.000,0.963]
  Step  5510/12000  loss=0.096710  best_obj=0.003307  lr=0.01823  geo=1.00  patch_std=0.1840 [0.000,0.981]
  Step  5520/12000  loss=0.069533  best_obj=0.003307  lr=0.01819  geo=1.00  patch_std=0.1847 [0.000,0.965]
  Step  5530/12000  loss=0.126679  best_obj=0.003307  lr=0.01816  geo=1.00  patch_std=0.1828 [0.000,0.944]
  Step  5540/12000  loss=0.100847  best_obj=0.003307  lr=0.01812  geo=1.00  patch_std=0.1851 [0.000,0.937]
  Step  5550/12000  loss=0.091303  best_obj=0.003307  lr=0.01809  geo=1.00  patch_std=0.1853 [0.000,0.981]
  Step  5560/12000  loss=0.108553  best_obj=0.003307  lr=0.01805  geo=1.00  patch_std=0.1853 [0.000,0.982]
  Step  5570/12000  loss=0.059464  best_obj=0.003307  lr=0.01802  geo=1.00  patch_std=0.1849 [0.000,1.000]
  Step  5580/12000  loss=0.125768  best_obj=0.003307  lr=0.01798  geo=1.00  patch_std=0.1829 [0.000,0.991]
  Step  5590/12000  loss=0.061175  best_obj=0.003307  lr=0.01795  geo=1.00  patch_std=0.1846 [0.000,0.983]
  Step  5600/12000  loss=0.043920  best_obj=0.002766  lr=0.01791  geo=1.00  patch_std=0.1831 [0.000,0.972]
[CONF]  Step  5600  mean_conf=0.5190  (baseline=0.8795, Δ=-41.0%)  suppressed(<0.25)=13/52
  Step  5610/12000  loss=0.083098  best_obj=0.002766  lr=0.01788  geo=1.00  patch_std=0.1840 [0.000,0.984]
  Step  5620/12000  loss=0.075275  best_obj=0.002766  lr=0.01784  geo=1.00  patch_std=0.1857 [0.000,1.000]
  Step  5630/12000  loss=0.110071  best_obj=0.002766  lr=0.01781  geo=1.00  patch_std=0.1853 [0.000,0.989]
  Step  5640/12000  loss=0.091431  best_obj=0.002766  lr=0.01777  geo=1.00  patch_std=0.1851 [0.000,1.000]
  Step  5650/12000  loss=0.056033  best_obj=0.002766  lr=0.01774  geo=1.00  patch_std=0.1828 [0.000,0.986]
  Step  5660/12000  loss=0.065170  best_obj=0.002766  lr=0.01770  geo=1.00  patch_std=0.1841 [0.000,0.988]
  Step  5670/12000  loss=0.151990  best_obj=0.002766  lr=0.01767  geo=1.00  patch_std=0.1861 [0.000,0.978]
  Step  5680/12000  loss=0.098165  best_obj=0.002766  lr=0.01763  geo=1.00  patch_std=0.1839 [0.000,0.969]
  Step  5690/12000  loss=0.107319  best_obj=0.002766  lr=0.01760  geo=1.00  patch_std=0.1844 [0.000,0.990]
  Step  5700/12000  loss=0.150635  best_obj=0.002766  lr=0.01756  geo=1.00  patch_std=0.1847 [0.000,0.996]
  Step  5710/12000  loss=0.043389  best_obj=0.002766  lr=0.01753  geo=1.00  patch_std=0.1827 [0.000,0.963]
  Step  5720/12000  loss=0.117130  best_obj=0.002766  lr=0.01749  geo=1.00  patch_std=0.1856 [0.000,0.953]
  Step  5730/12000  loss=0.078199  best_obj=0.002766  lr=0.01746  geo=1.00  patch_std=0.1859 [0.000,0.981]
  Step  5740/12000  loss=0.078800  best_obj=0.002766  lr=0.01742  geo=1.00  patch_std=0.1859 [0.000,0.972]
  Step  5750/12000  loss=0.097541  best_obj=0.002766  lr=0.01738  geo=1.00  patch_std=0.1857 [0.000,0.971]
  Step  5760/12000  loss=0.084546  best_obj=0.002766  lr=0.01735  geo=1.00  patch_std=0.1868 [0.000,0.998]
  Step  5770/12000  loss=0.101733  best_obj=0.002766  lr=0.01731  geo=1.00  patch_std=0.1861 [0.000,0.956]
  Step  5780/12000  loss=0.154188  best_obj=0.002766  lr=0.01728  geo=1.00  patch_std=0.1855 [0.000,0.990]
  Step  5790/12000  loss=0.088464  best_obj=0.002766  lr=0.01724  geo=1.00  patch_std=0.1857 [0.000,0.980]
  Step  5800/12000  loss=0.078467  best_obj=0.002766  lr=0.01721  geo=1.00  patch_std=0.1865 [0.000,0.997]
[CONF]  Step  5800  mean_conf=0.5190  (baseline=0.8795, Δ=-41.0%)  suppressed(<0.25)=13/52
  Step  5810/12000  loss=0.105617  best_obj=0.002766  lr=0.01717  geo=1.00  patch_std=0.1873 [0.000,1.000]
  Step  5820/12000  loss=0.068809  best_obj=0.002766  lr=0.01714  geo=1.00  patch_std=0.1821 [0.000,0.960]
  Step  5830/12000  loss=0.067624  best_obj=0.002766  lr=0.01710  geo=1.00  patch_std=0.1826 [0.000,0.969]
  Step  5840/12000  loss=0.104916  best_obj=0.002766  lr=0.01707  geo=1.00  patch_std=0.1838 [0.000,0.996]
  Step  5850/12000  loss=0.074636  best_obj=0.002766  lr=0.01703  geo=1.00  patch_std=0.1855 [0.000,0.963]
  Step  5860/12000  loss=0.104256  best_obj=0.002766  lr=0.01700  geo=1.00  patch_std=0.1841 [0.000,0.983]
  Step  5870/12000  loss=0.090958  best_obj=0.002766  lr=0.01696  geo=1.00  patch_std=0.1848 [0.000,1.000]
  Step  5880/12000  loss=0.086727  best_obj=0.002766  lr=0.01693  geo=1.00  patch_std=0.1864 [0.000,1.000]
  Step  5890/12000  loss=0.091809  best_obj=0.002766  lr=0.01689  geo=1.00  patch_std=0.1864 [0.000,0.995]
  Step  5900/12000  loss=0.085995  best_obj=0.002766  lr=0.01686  geo=1.00  patch_std=0.1872 [0.000,0.990]
  Step  5910/12000  loss=0.088265  best_obj=0.002766  lr=0.01682  geo=1.00  patch_std=0.1868 [0.000,0.949]
  Step  5920/12000  loss=0.138452  best_obj=0.002766  lr=0.01678  geo=1.00  patch_std=0.1860 [0.000,0.985]
  Step  5930/12000  loss=0.082695  best_obj=0.002766  lr=0.01675  geo=1.00  patch_std=0.1859 [0.000,1.000]
  Step  5940/12000  loss=0.117545  best_obj=0.002766  lr=0.01671  geo=1.00  patch_std=0.1877 [0.000,1.000]
  Step  5950/12000  loss=0.085108  best_obj=0.002766  lr=0.01668  geo=1.00  patch_std=0.1882 [0.000,0.983]
  Step  5960/12000  loss=0.076452  best_obj=0.002766  lr=0.01664  geo=1.00  patch_std=0.1882 [0.000,0.966]
  Step  5970/12000  loss=0.055173  best_obj=0.002766  lr=0.01661  geo=1.00  patch_std=0.1876 [0.000,0.966]
  Step  5980/12000  loss=0.101918  best_obj=0.002766  lr=0.01657  geo=1.00  patch_std=0.1891 [0.000,0.967]
  Step  5990/12000  loss=0.088579  best_obj=0.002766  lr=0.01654  geo=1.00  patch_std=0.1882 [0.000,0.942]
  Step  6000/12000  loss=0.075909  best_obj=0.002766  lr=0.01650  geo=1.00  patch_std=0.1891 [0.000,0.991]
[CONF]  Step  6000  mean_conf=0.5190  (baseline=0.8795, Δ=-41.0%)  suppressed(<0.25)=13/52
  Step  6010/12000  loss=0.106685  best_obj=0.002766  lr=0.01647  geo=1.00  patch_std=0.1881 [0.000,0.968]
  Step  6020/12000  loss=0.098921  best_obj=0.002766  lr=0.01643  geo=1.00  patch_std=0.1889 [0.000,0.961]
  Step  6030/12000  loss=0.076651  best_obj=0.002766  lr=0.01640  geo=1.00  patch_std=0.1892 [0.000,0.984]
  Step  6040/12000  loss=0.094023  best_obj=0.002766  lr=0.01636  geo=1.00  patch_std=0.1885 [0.000,0.978]
  Step  6050/12000  loss=0.062926  best_obj=0.002766  lr=0.01633  geo=1.00  patch_std=0.1878 [0.000,0.951]
  Step  6060/12000  loss=0.140194  best_obj=0.002766  lr=0.01629  geo=1.00  patch_std=0.1855 [0.000,0.959]
  Step  6070/12000  loss=0.135146  best_obj=0.002766  lr=0.01625  geo=1.00  patch_std=0.1862 [0.000,1.000]
  Step  6080/12000  loss=0.076463  best_obj=0.002766  lr=0.01622  geo=1.00  patch_std=0.1842 [0.000,0.968]
  Step  6090/12000  loss=0.104210  best_obj=0.002766  lr=0.01618  geo=1.00  patch_std=0.1856 [0.000,0.998]
  Step  6100/12000  loss=0.077722  best_obj=0.002766  lr=0.01615  geo=1.00  patch_std=0.1841 [0.000,0.972]
  Step  6110/12000  loss=0.072770  best_obj=0.002766  lr=0.01611  geo=1.00  patch_std=0.1844 [0.000,0.974]
  Step  6120/12000  loss=0.111233  best_obj=0.002766  lr=0.01608  geo=1.00  patch_std=0.1852 [0.000,0.974]
  Step  6130/12000  loss=0.086252  best_obj=0.002766  lr=0.01604  geo=1.00  patch_std=0.1850 [0.000,0.988]
  Step  6140/12000  loss=0.061611  best_obj=0.002766  lr=0.01601  geo=1.00  patch_std=0.1847 [0.000,0.984]
  Step  6150/12000  loss=0.098258  best_obj=0.002766  lr=0.01597  geo=1.00  patch_std=0.1845 [0.000,0.984]
  Step  6160/12000  loss=0.057076  best_obj=0.002766  lr=0.01594  geo=1.00  patch_std=0.1852 [0.000,0.952]
  Step  6170/12000  loss=0.090067  best_obj=0.002766  lr=0.01590  geo=1.00  patch_std=0.1839 [0.000,0.936]
  Step  6180/12000  loss=0.069408  best_obj=0.002766  lr=0.01587  geo=1.00  patch_std=0.1857 [0.000,0.958]
  Step  6190/12000  loss=0.082770  best_obj=0.002766  lr=0.01583  geo=1.00  patch_std=0.1881 [0.000,0.952]
  Step  6200/12000  loss=0.073035  best_obj=0.002766  lr=0.01580  geo=1.00  patch_std=0.1889 [0.000,0.983]
[CONF]  Step  6200  mean_conf=0.5190  (baseline=0.8795, Δ=-41.0%)  suppressed(<0.25)=13/52
  Step  6210/12000  loss=0.053375  best_obj=0.002766  lr=0.01576  geo=1.00  patch_std=0.1890 [0.000,0.984]
  Step  6220/12000  loss=0.111864  best_obj=0.002766  lr=0.01572  geo=1.00  patch_std=0.1896 [0.000,1.000]
  Step  6230/12000  loss=0.086746  best_obj=0.002766  lr=0.01569  geo=1.00  patch_std=0.1912 [0.000,0.984]
  Step  6240/12000  loss=0.107148  best_obj=0.002766  lr=0.01565  geo=1.00  patch_std=0.1885 [0.000,0.984]
  Step  6250/12000  loss=0.121913  best_obj=0.002766  lr=0.01562  geo=1.00  patch_std=0.1901 [0.000,1.000]
  Step  6260/12000  loss=0.082329  best_obj=0.002766  lr=0.01558  geo=1.00  patch_std=0.1881 [0.000,0.985]
  Step  6270/12000  loss=0.078685  best_obj=0.002766  lr=0.01555  geo=1.00  patch_std=0.1897 [0.000,0.998]
  Step  6280/12000  loss=0.051457  best_obj=0.002766  lr=0.01551  geo=1.00  patch_std=0.1897 [0.000,0.984]
  Step  6290/12000  loss=0.153097  best_obj=0.002766  lr=0.01548  geo=1.00  patch_std=0.1898 [0.000,0.984]
  Step  6300/12000  loss=0.096081  best_obj=0.002766  lr=0.01544  geo=1.00  patch_std=0.1902 [0.000,0.975]
  Step  6310/12000  loss=0.103764  best_obj=0.002766  lr=0.01541  geo=1.00  patch_std=0.1901 [0.000,0.985]
  Step  6320/12000  loss=0.081790  best_obj=0.002766  lr=0.01537  geo=1.00  patch_std=0.1895 [0.000,0.974]
  Step  6330/12000  loss=0.148656  best_obj=0.002766  lr=0.01534  geo=1.00  patch_std=0.1894 [0.000,0.984]
  Step  6340/12000  loss=0.064817  best_obj=0.002766  lr=0.01530  geo=1.00  patch_std=0.1895 [0.000,1.000]
  Step  6350/12000  loss=0.083905  best_obj=0.002766  lr=0.01527  geo=1.00  patch_std=0.1888 [0.000,0.974]
  Step  6360/12000  loss=0.116197  best_obj=0.002766  lr=0.01523  geo=1.00  patch_std=0.1885 [0.000,0.969]
  Step  6370/12000  loss=0.077637  best_obj=0.002766  lr=0.01520  geo=1.00  patch_std=0.1876 [0.000,0.984]
  Step  6380/12000  loss=0.060292  best_obj=0.002766  lr=0.01516  geo=1.00  patch_std=0.1868 [0.000,0.985]
  Step  6390/12000  loss=0.112408  best_obj=0.002766  lr=0.01513  geo=1.00  patch_std=0.1885 [0.000,0.996]
  Step  6400/12000  loss=0.108297  best_obj=0.002766  lr=0.01509  geo=1.00  patch_std=0.1869 [0.000,0.970]
[CONF]  Step  6400  mean_conf=0.5190  (baseline=0.8795, Δ=-41.0%)  suppressed(<0.25)=13/52
  Step  6410/12000  loss=0.098315  best_obj=0.002766  lr=0.01506  geo=1.00  patch_std=0.1883 [0.000,0.965]
  Step  6420/12000  loss=0.109279  best_obj=0.002766  lr=0.01502  geo=1.00  patch_std=0.1886 [0.000,0.970]
  Step  6430/12000  loss=0.125662  best_obj=0.002766  lr=0.01499  geo=1.00  patch_std=0.1892 [0.000,0.945]
  Step  6440/12000  loss=0.064652  best_obj=0.002766  lr=0.01495  geo=1.00  patch_std=0.1896 [0.000,0.987]
  Step  6450/12000  loss=0.120626  best_obj=0.002766  lr=0.01491  geo=1.00  patch_std=0.1897 [0.000,0.998]
  Step  6460/12000  loss=0.070295  best_obj=0.002766  lr=0.01488  geo=1.00  patch_std=0.1876 [0.000,0.998]
  Step  6470/12000  loss=0.092816  best_obj=0.002766  lr=0.01484  geo=1.00  patch_std=0.1886 [0.000,1.000]
  Step  6480/12000  loss=0.128032  best_obj=0.002766  lr=0.01481  geo=1.00  patch_std=0.1889 [0.000,0.952]
  Step  6490/12000  loss=0.106088  best_obj=0.002766  lr=0.01477  geo=1.00  patch_std=0.1882 [0.000,0.982]
  Step  6500/12000  loss=0.048782  best_obj=0.002766  lr=0.01474  geo=1.00  patch_std=0.1870 [0.000,0.964]
  Step  6510/12000  loss=0.054218  best_obj=0.002766  lr=0.01470  geo=1.00  patch_std=0.1879 [0.000,0.951]
  Step  6520/12000  loss=0.066159  best_obj=0.002766  lr=0.01467  geo=1.00  patch_std=0.1885 [0.000,0.985]
  Step  6530/12000  loss=0.087669  best_obj=0.002766  lr=0.01463  geo=1.00  patch_std=0.1880 [0.000,0.959]
  Step  6540/12000  loss=0.079780  best_obj=0.002766  lr=0.01460  geo=1.00  patch_std=0.1874 [0.000,0.981]
  Step  6550/12000  loss=0.123602  best_obj=0.002766  lr=0.01456  geo=1.00  patch_std=0.1879 [0.000,0.971]
  Step  6560/12000  loss=0.137118  best_obj=0.002766  lr=0.01453  geo=1.00  patch_std=0.1875 [0.000,0.981]
  Step  6570/12000  loss=0.112753  best_obj=0.002766  lr=0.01449  geo=1.00  patch_std=0.1864 [0.000,0.980]
  Step  6580/12000  loss=0.097941  best_obj=0.002766  lr=0.01446  geo=1.00  patch_std=0.1869 [0.000,0.982]
  Step  6590/12000  loss=0.099766  best_obj=0.002766  lr=0.01442  geo=1.00  patch_std=0.1876 [0.000,0.986]
  Step  6600/12000  loss=0.136736  best_obj=0.002766  lr=0.01439  geo=1.00  patch_std=0.1866 [0.000,0.953]
[CONF]  Step  6600  mean_conf=0.5190  (baseline=0.8795, Δ=-41.0%)  suppressed(<0.25)=13/52
  Step  6610/12000  loss=0.106684  best_obj=0.002766  lr=0.01435  geo=1.00  patch_std=0.1850 [0.000,0.951]
  Step  6620/12000  loss=0.129204  best_obj=0.002766  lr=0.01432  geo=1.00  patch_std=0.1862 [0.000,0.975]
  Step  6630/12000  loss=0.082728  best_obj=0.002766  lr=0.01429  geo=1.00  patch_std=0.1866 [0.000,0.979]
  Step  6640/12000  loss=0.121202  best_obj=0.002766  lr=0.01425  geo=1.00  patch_std=0.1871 [0.000,1.000]
  Step  6650/12000  loss=0.056595  best_obj=0.002766  lr=0.01422  geo=1.00  patch_std=0.1885 [0.000,0.965]
  Step  6660/12000  loss=0.092036  best_obj=0.002766  lr=0.01418  geo=1.00  patch_std=0.1861 [0.000,0.951]
  Step  6670/12000  loss=0.099983  best_obj=0.002766  lr=0.01415  geo=1.00  patch_std=0.1847 [0.000,0.965]
  Step  6680/12000  loss=0.074125  best_obj=0.002766  lr=0.01411  geo=1.00  patch_std=0.1861 [0.000,0.964]
  Step  6690/12000  loss=0.084215  best_obj=0.002766  lr=0.01408  geo=1.00  patch_std=0.1863 [0.000,0.973]
  Step  6700/12000  loss=0.058041  best_obj=0.002766  lr=0.01404  geo=1.00  patch_std=0.1848 [0.000,0.959]
  Step  6710/12000  loss=0.058054  best_obj=0.002766  lr=0.01401  geo=1.00  patch_std=0.1848 [0.000,0.957]
  Step  6720/12000  loss=0.106995  best_obj=0.002766  lr=0.01397  geo=1.00  patch_std=0.1858 [0.000,0.954]
  Step  6730/12000  loss=0.121727  best_obj=0.002766  lr=0.01394  geo=1.00  patch_std=0.1868 [0.000,0.970]
  Step  6740/12000  loss=0.065644  best_obj=0.002766  lr=0.01390  geo=1.00  patch_std=0.1842 [0.000,0.931]
  Step  6750/12000  loss=0.122727  best_obj=0.002766  lr=0.01387  geo=1.00  patch_std=0.1843 [0.000,0.941]
  Step  6760/12000  loss=0.075316  best_obj=0.002766  lr=0.01383  geo=1.00  patch_std=0.1831 [0.000,0.958]
  Step  6770/12000  loss=0.122187  best_obj=0.002766  lr=0.01380  geo=1.00  patch_std=0.1832 [0.000,0.947]
  Step  6780/12000  loss=0.059990  best_obj=0.002766  lr=0.01376  geo=1.00  patch_std=0.1824 [0.000,0.953]
  Step  6790/12000  loss=0.129562  best_obj=0.002766  lr=0.01373  geo=1.00  patch_std=0.1828 [0.000,0.962]
  Step  6800/12000  loss=0.077556  best_obj=0.002766  lr=0.01369  geo=1.00  patch_std=0.1843 [0.000,0.996]
[CONF]  Step  6800  mean_conf=0.5190  (baseline=0.8795, Δ=-41.0%)  suppressed(<0.25)=13/52
  Step  6810/12000  loss=0.139831  best_obj=0.002766  lr=0.01366  geo=1.00  patch_std=0.1850 [0.000,1.000]
  Step  6820/12000  loss=0.105545  best_obj=0.002766  lr=0.01363  geo=1.00  patch_std=0.1831 [0.000,0.979]
  Step  6830/12000  loss=0.085554  best_obj=0.002766  lr=0.01359  geo=1.00  patch_std=0.1834 [0.000,0.959]
  Step  6840/12000  loss=0.102717  best_obj=0.002766  lr=0.01356  geo=1.00  patch_std=0.1838 [0.000,0.986]
  Step  6850/12000  loss=0.097939  best_obj=0.002766  lr=0.01352  geo=1.00  patch_std=0.1836 [0.000,0.986]
  Step  6860/12000  loss=0.048058  best_obj=0.002766  lr=0.01349  geo=1.00  patch_std=0.1850 [0.000,1.000]
  Step  6870/12000  loss=0.104611  best_obj=0.002766  lr=0.01345  geo=1.00  patch_std=0.1863 [0.000,0.986]
  Step  6880/12000  loss=0.111971  best_obj=0.002766  lr=0.01342  geo=1.00  patch_std=0.1869 [0.000,0.995]
  Step  6890/12000  loss=0.107524  best_obj=0.002766  lr=0.01338  geo=1.00  patch_std=0.1874 [0.000,0.989]
  Step  6900/12000  loss=0.087481  best_obj=0.002766  lr=0.01335  geo=1.00  patch_std=0.1868 [0.000,0.989]
  Step  6910/12000  loss=0.044462  best_obj=0.002766  lr=0.01332  geo=1.00  patch_std=0.1869 [0.000,0.972]
  Step  6920/12000  loss=0.036741  best_obj=0.002766  lr=0.01328  geo=1.00  patch_std=0.1868 [0.000,0.989]
  Step  6930/12000  loss=0.099053  best_obj=0.002766  lr=0.01325  geo=1.00  patch_std=0.1879 [0.000,0.971]
  Step  6940/12000  loss=0.136123  best_obj=0.002766  lr=0.01321  geo=1.00  patch_std=0.1864 [0.000,0.972]
  Step  6950/12000  loss=0.079053  best_obj=0.002766  lr=0.01318  geo=1.00  patch_std=0.1865 [0.000,0.950]
  Step  6960/12000  loss=0.108883  best_obj=0.002766  lr=0.01314  geo=1.00  patch_std=0.1869 [0.000,0.953]
  Step  6970/12000  loss=0.044898  best_obj=0.002766  lr=0.01311  geo=1.00  patch_std=0.1887 [0.000,0.960]
  Step  6980/12000  loss=0.113595  best_obj=0.002766  lr=0.01308  geo=1.00  patch_std=0.1901 [0.000,0.945]
  Step  6990/12000  loss=0.064029  best_obj=0.002766  lr=0.01304  geo=1.00  patch_std=0.1901 [0.000,0.948]
  Step  7000/12000  loss=0.048610  best_obj=0.002766  lr=0.01301  geo=1.00  patch_std=0.1895 [0.000,0.933]
[CONF]  Step  7000  mean_conf=0.5190  (baseline=0.8795, Δ=-41.0%)  suppressed(<0.25)=13/52
  Step  7010/12000  loss=0.127472  best_obj=0.002766  lr=0.01297  geo=1.00  patch_std=0.1908 [0.000,0.977]
  Step  7020/12000  loss=0.126335  best_obj=0.002766  lr=0.01294  geo=1.00  patch_std=0.1888 [0.000,0.958]
  Step  7030/12000  loss=0.049596  best_obj=0.002766  lr=0.01291  geo=1.00  patch_std=0.1892 [0.000,0.987]
  Step  7040/12000  loss=0.101453  best_obj=0.002766  lr=0.01287  geo=1.00  patch_std=0.1887 [0.000,0.985]
  Step  7050/12000  loss=0.071615  best_obj=0.002766  lr=0.01284  geo=1.00  patch_std=0.1879 [0.000,0.961]
  Step  7060/12000  loss=0.079397  best_obj=0.002766  lr=0.01280  geo=1.00  patch_std=0.1874 [0.000,0.982]
  Step  7070/12000  loss=0.034536  best_obj=0.002766  lr=0.01277  geo=1.00  patch_std=0.1864 [0.000,0.981]
  Step  7080/12000  loss=0.067176  best_obj=0.002766  lr=0.01274  geo=1.00  patch_std=0.1881 [0.000,0.971]
  Step  7090/12000  loss=0.062863  best_obj=0.002766  lr=0.01270  geo=1.00  patch_std=0.1875 [0.000,0.966]
  Step  7100/12000  loss=0.088625  best_obj=0.002766  lr=0.01267  geo=1.00  patch_std=0.1879 [0.000,0.993]
  Step  7110/12000  loss=0.042941  best_obj=0.002766  lr=0.01263  geo=1.00  patch_std=0.1895 [0.000,0.987]
  Step  7120/12000  loss=0.137176  best_obj=0.002766  lr=0.01260  geo=1.00  patch_std=0.1876 [0.000,0.986]
  Step  7130/12000  loss=0.076495  best_obj=0.002766  lr=0.01257  geo=1.00  patch_std=0.1876 [0.000,0.968]
  Step  7140/12000  loss=0.089114  best_obj=0.002766  lr=0.01253  geo=1.00  patch_std=0.1879 [0.000,0.987]
  Step  7150/12000  loss=0.063698  best_obj=0.002766  lr=0.01250  geo=1.00  patch_std=0.1876 [0.000,0.984]
  Step  7160/12000  loss=0.053526  best_obj=0.002766  lr=0.01246  geo=1.00  patch_std=0.1878 [0.000,0.961]
  Step  7170/12000  loss=0.123201  best_obj=0.002766  lr=0.01243  geo=1.00  patch_std=0.1885 [0.000,0.962]
  Step  7180/12000  loss=0.066230  best_obj=0.002766  lr=0.01240  geo=1.00  patch_std=0.1873 [0.000,0.949]
  Step  7190/12000  loss=0.101733  best_obj=0.002766  lr=0.01236  geo=1.00  patch_std=0.1872 [0.000,0.947]
  Step  7200/12000  loss=0.053985  best_obj=0.002766  lr=0.01233  geo=1.00  patch_std=0.1883 [0.000,0.959]
[CONF]  Step  7200  mean_conf=0.5190  (baseline=0.8795, Δ=-41.0%)  suppressed(<0.25)=13/52
  Step  7210/12000  loss=0.126838  best_obj=0.002766  lr=0.01230  geo=1.00  patch_std=0.1887 [0.000,0.965]
  Step  7220/12000  loss=0.127455  best_obj=0.002766  lr=0.01226  geo=1.00  patch_std=0.1888 [0.000,0.982]
  Step  7230/12000  loss=0.077509  best_obj=0.002766  lr=0.01223  geo=1.00  patch_std=0.1874 [0.000,0.949]
  Step  7240/12000  loss=0.117787  best_obj=0.002766  lr=0.01220  geo=1.00  patch_std=0.1886 [0.000,0.947]
  Step  7250/12000  loss=0.086567  best_obj=0.002766  lr=0.01216  geo=1.00  patch_std=0.1879 [0.000,0.959]
  Step  7260/12000  loss=0.087908  best_obj=0.002766  lr=0.01213  geo=1.00  patch_std=0.1872 [0.000,0.950]
  Step  7270/12000  loss=0.092537  best_obj=0.002766  lr=0.01210  geo=1.00  patch_std=0.1878 [0.000,0.951]
  Step  7280/12000  loss=0.111000  best_obj=0.002766  lr=0.01206  geo=1.00  patch_std=0.1886 [0.000,0.953]
  Step  7290/12000  loss=0.061919  best_obj=0.002766  lr=0.01203  geo=1.00  patch_std=0.1889 [0.000,0.958]
  Step  7300/12000  loss=0.126857  best_obj=0.002766  lr=0.01199  geo=1.00  patch_std=0.1890 [0.000,0.959]
  Step  7310/12000  loss=0.080485  best_obj=0.002766  lr=0.01196  geo=1.00  patch_std=0.1873 [0.000,0.946]
  Step  7320/12000  loss=0.081563  best_obj=0.002766  lr=0.01193  geo=1.00  patch_std=0.1876 [0.000,0.957]
  Step  7330/12000  loss=0.059822  best_obj=0.002766  lr=0.01190  geo=1.00  patch_std=0.1876 [0.000,0.940]
  Step  7340/12000  loss=0.072896  best_obj=0.002766  lr=0.01186  geo=1.00  patch_std=0.1875 [0.000,0.944]
  Step  7350/12000  loss=0.058337  best_obj=0.002766  lr=0.01183  geo=1.00  patch_std=0.1880 [0.000,0.944]
  Step  7360/12000  loss=0.102871  best_obj=0.002766  lr=0.01180  geo=1.00  patch_std=0.1884 [0.000,0.942]
  Step  7370/12000  loss=0.092500  best_obj=0.002766  lr=0.01176  geo=1.00  patch_std=0.1887 [0.000,0.978]
  Step  7380/12000  loss=0.104527  best_obj=0.002766  lr=0.01173  geo=1.00  patch_std=0.1872 [0.000,0.940]
  Step  7390/12000  loss=0.028871  best_obj=0.002766  lr=0.01170  geo=1.00  patch_std=0.1872 [0.000,0.932]
  Step  7400/12000  loss=0.071046  best_obj=0.002766  lr=0.01166  geo=1.00  patch_std=0.1877 [0.000,0.980]
[CONF]  Step  7400  mean_conf=0.5190  (baseline=0.8795, Δ=-41.0%)  suppressed(<0.25)=13/52
  Step  7410/12000  loss=0.055859  best_obj=0.002766  lr=0.01163  geo=1.00  patch_std=0.1881 [0.000,0.958]
  Step  7420/12000  loss=0.119729  best_obj=0.002766  lr=0.01160  geo=1.00  patch_std=0.1875 [0.000,0.956]
  Step  7430/12000  loss=0.123768  best_obj=0.002766  lr=0.01156  geo=1.00  patch_std=0.1865 [0.000,0.961]
  Step  7440/12000  loss=0.140899  best_obj=0.002766  lr=0.01153  geo=1.00  patch_std=0.1877 [0.000,0.987]
  Step  7450/12000  loss=0.052135  best_obj=0.002766  lr=0.01150  geo=1.00  patch_std=0.1882 [0.000,0.995]
  Step  7460/12000  loss=0.158573  best_obj=0.002766  lr=0.01147  geo=1.00  patch_std=0.1864 [0.000,0.965]
  Step  7470/12000  loss=0.088631  best_obj=0.002766  lr=0.01143  geo=1.00  patch_std=0.1862 [0.000,0.967]
  Step  7480/12000  loss=0.130179  best_obj=0.002766  lr=0.01140  geo=1.00  patch_std=0.1851 [0.000,0.976]
  Step  7490/12000  loss=0.086767  best_obj=0.002766  lr=0.01137  geo=1.00  patch_std=0.1844 [0.000,0.968]
  Step  7500/12000  loss=0.042060  best_obj=0.002766  lr=0.01133  geo=1.00  patch_std=0.1854 [0.000,0.952]
  Step  7510/12000  loss=0.070314  best_obj=0.002766  lr=0.01130  geo=1.00  patch_std=0.1859 [0.000,0.952]
  Step  7520/12000  loss=0.063602  best_obj=0.002766  lr=0.01127  geo=1.00  patch_std=0.1846 [0.000,0.930]
  Step  7530/12000  loss=0.076331  best_obj=0.002766  lr=0.01124  geo=1.00  patch_std=0.1851 [0.000,0.952]
  Step  7540/12000  loss=0.075188  best_obj=0.002766  lr=0.01120  geo=1.00  patch_std=0.1857 [0.000,0.971]
  Step  7550/12000  loss=0.088937  best_obj=0.002766  lr=0.01117  geo=1.00  patch_std=0.1857 [0.000,0.967]
  Step  7560/12000  loss=0.134025  best_obj=0.002766  lr=0.01114  geo=1.00  patch_std=0.1868 [0.000,0.967]
  Step  7570/12000  loss=0.071875  best_obj=0.002766  lr=0.01111  geo=1.00  patch_std=0.1857 [0.000,0.962]
  Step  7580/12000  loss=0.069446  best_obj=0.002766  lr=0.01107  geo=1.00  patch_std=0.1866 [0.000,0.952]
  Step  7590/12000  loss=0.101815  best_obj=0.002766  lr=0.01104  geo=1.00  patch_std=0.1865 [0.000,0.964]
  Step  7600/12000  loss=0.089598  best_obj=0.002766  lr=0.01101  geo=1.00  patch_std=0.1871 [0.000,0.963]
[CONF]  Step  7600  mean_conf=0.5190  (baseline=0.8795, Δ=-41.0%)  suppressed(<0.25)=13/52
  Step  7610/12000  loss=0.064022  best_obj=0.002766  lr=0.01098  geo=1.00  patch_std=0.1865 [0.000,0.958]
  Step  7620/12000  loss=0.100254  best_obj=0.002766  lr=0.01095  geo=1.00  patch_std=0.1862 [0.000,0.971]
  Step  7630/12000  loss=0.035311  best_obj=0.002766  lr=0.01091  geo=1.00  patch_std=0.1843 [0.011,0.972]
  Step  7640/12000  loss=0.043919  best_obj=0.002766  lr=0.01088  geo=1.00  patch_std=0.1848 [0.000,0.966]
  Step  7650/12000  loss=0.146023  best_obj=0.002766  lr=0.01085  geo=1.00  patch_std=0.1847 [0.000,0.984]
  Step  7660/12000  loss=0.064688  best_obj=0.002766  lr=0.01082  geo=1.00  patch_std=0.1845 [0.000,0.980]
  Step  7670/12000  loss=0.070808  best_obj=0.002766  lr=0.01079  geo=1.00  patch_std=0.1849 [0.000,0.959]
  Step  7680/12000  loss=0.056217  best_obj=0.002766  lr=0.01075  geo=1.00  patch_std=0.1849 [0.000,0.963]
  Step  7690/12000  loss=0.081251  best_obj=0.002766  lr=0.01072  geo=1.00  patch_std=0.1855 [0.000,0.986]
  Step  7700/12000  loss=0.110050  best_obj=0.002766  lr=0.01069  geo=1.00  patch_std=0.1844 [0.000,0.970]
  Step  7710/12000  loss=0.107918  best_obj=0.002766  lr=0.01066  geo=1.00  patch_std=0.1848 [0.000,0.975]
  Step  7720/12000  loss=0.120038  best_obj=0.002766  lr=0.01063  geo=1.00  patch_std=0.1834 [0.000,0.989]
  Step  7730/12000  loss=0.062797  best_obj=0.002766  lr=0.01059  geo=1.00  patch_std=0.1840 [0.000,0.968]
  Step  7740/12000  loss=0.102023  best_obj=0.002766  lr=0.01056  geo=1.00  patch_std=0.1845 [0.000,0.959]
  Step  7750/12000  loss=0.095797  best_obj=0.002766  lr=0.01053  geo=1.00  patch_std=0.1848 [0.000,0.985]
  Step  7760/12000  loss=0.085571  best_obj=0.002766  lr=0.01050  geo=1.00  patch_std=0.1850 [0.000,0.938]
  Step  7770/12000  loss=0.094572  best_obj=0.002766  lr=0.01047  geo=1.00  patch_std=0.1848 [0.000,0.946]
  Step  7780/12000  loss=0.049221  best_obj=0.002766  lr=0.01044  geo=1.00  patch_std=0.1844 [0.000,0.959]
  Step  7790/12000  loss=0.133408  best_obj=0.002766  lr=0.01040  geo=1.00  patch_std=0.1852 [0.000,0.952]
  Step  7800/12000  loss=0.070322  best_obj=0.002766  lr=0.01037  geo=1.00  patch_std=0.1854 [0.000,0.970]
[CONF]  Step  7800  mean_conf=0.5190  (baseline=0.8795, Δ=-41.0%)  suppressed(<0.25)=13/52
  Step  7810/12000  loss=0.100000  best_obj=0.002766  lr=0.01034  geo=1.00  patch_std=0.1847 [0.000,0.950]
  Step  7820/12000  loss=0.097231  best_obj=0.002766  lr=0.01031  geo=1.00  patch_std=0.1854 [0.000,0.942]
  Step  7830/12000  loss=0.079776  best_obj=0.002766  lr=0.01028  geo=1.00  patch_std=0.1855 [0.000,0.934]
  Step  7840/12000  loss=0.074324  best_obj=0.002766  lr=0.01025  geo=1.00  patch_std=0.1845 [0.000,0.932]
  Step  7850/12000  loss=0.052447  best_obj=0.002766  lr=0.01022  geo=1.00  patch_std=0.1850 [0.000,0.943]
  Step  7860/12000  loss=0.070480  best_obj=0.002766  lr=0.01018  geo=1.00  patch_std=0.1844 [0.000,0.922]
  Step  7870/12000  loss=0.061498  best_obj=0.002766  lr=0.01015  geo=1.00  patch_std=0.1840 [0.000,0.946]
  Step  7880/12000  loss=0.094320  best_obj=0.002766  lr=0.01012  geo=1.00  patch_std=0.1825 [0.000,0.927]
  Step  7890/12000  loss=0.101165  best_obj=0.002766  lr=0.01009  geo=1.00  patch_std=0.1840 [0.000,0.944]
  Step  7900/12000  loss=0.098981  best_obj=0.002766  lr=0.01006  geo=1.00  patch_std=0.1842 [0.000,0.941]
  Step  7910/12000  loss=0.093273  best_obj=0.002766  lr=0.01003  geo=1.00  patch_std=0.1843 [0.000,0.919]
  Step  7920/12000  loss=0.052509  best_obj=0.002766  lr=0.01000  geo=1.00  patch_std=0.1837 [0.000,0.923]
  Step  7930/12000  loss=0.089669  best_obj=0.002766  lr=0.00997  geo=1.00  patch_std=0.1839 [0.000,0.921]
  Step  7940/12000  loss=0.097697  best_obj=0.002766  lr=0.00994  geo=1.00  patch_std=0.1840 [0.000,0.934]
  Step  7950/12000  loss=0.081659  best_obj=0.002766  lr=0.00990  geo=1.00  patch_std=0.1843 [0.000,0.926]
  Step  7960/12000  loss=0.073253  best_obj=0.002766  lr=0.00987  geo=1.00  patch_std=0.1836 [0.000,0.946]
  Step  7970/12000  loss=0.045428  best_obj=0.002766  lr=0.00984  geo=1.00  patch_std=0.1836 [0.000,0.916]
  Step  7980/12000  loss=0.045532  best_obj=0.002766  lr=0.00981  geo=1.00  patch_std=0.1847 [0.000,0.925]
  Step  7990/12000  loss=0.053552  best_obj=0.002766  lr=0.00978  geo=1.00  patch_std=0.1851 [0.000,0.924]
  Step  8000/12000  loss=0.049390  best_obj=0.002766  lr=0.00975  geo=1.00  patch_std=0.1847 [0.000,0.944]
[CONF]  Step  8000  mean_conf=0.5190  (baseline=0.8795, Δ=-41.0%)  suppressed(<0.25)=13/52
  Step  8010/12000  loss=0.096141  best_obj=0.002766  lr=0.00972  geo=1.00  patch_std=0.1844 [0.000,0.938]
  Step  8020/12000  loss=0.105107  best_obj=0.002766  lr=0.00969  geo=1.00  patch_std=0.1835 [0.000,0.919]
  Step  8030/12000  loss=0.091323  best_obj=0.002766  lr=0.00966  geo=1.00  patch_std=0.1841 [0.000,0.945]
  Step  8040/12000  loss=0.094447  best_obj=0.002766  lr=0.00963  geo=1.00  patch_std=0.1851 [0.000,0.960]
  Step  8050/12000  loss=0.076167  best_obj=0.002766  lr=0.00960  geo=1.00  patch_std=0.1842 [0.000,0.941]
  Step  8060/12000  loss=0.158686  best_obj=0.002766  lr=0.00957  geo=1.00  patch_std=0.1828 [0.000,0.945]
  Step  8070/12000  loss=0.103240  best_obj=0.002766  lr=0.00954  geo=1.00  patch_std=0.1813 [0.000,0.963]
  Step  8080/12000  loss=0.100408  best_obj=0.002766  lr=0.00951  geo=1.00  patch_std=0.1813 [0.000,0.944]
  Step  8090/12000  loss=0.033295  best_obj=0.002766  lr=0.00948  geo=1.00  patch_std=0.1808 [0.000,0.943]
  Step  8100/12000  loss=0.082759  best_obj=0.002766  lr=0.00945  geo=1.00  patch_std=0.1823 [0.000,0.925]
  Step  8110/12000  loss=0.110588  best_obj=0.002766  lr=0.00942  geo=1.00  patch_std=0.1830 [0.000,0.944]
  Step  8120/12000  loss=0.133125  best_obj=0.002766  lr=0.00939  geo=1.00  patch_std=0.1830 [0.000,0.944]
  Step  8130/12000  loss=0.136671  best_obj=0.002766  lr=0.00936  geo=1.00  patch_std=0.1834 [0.000,0.959]
  Step  8140/12000  loss=0.060466  best_obj=0.002766  lr=0.00933  geo=1.00  patch_std=0.1832 [0.000,0.949]
  Step  8150/12000  loss=0.088742  best_obj=0.002766  lr=0.00930  geo=1.00  patch_std=0.1820 [0.000,0.963]
  Step  8160/12000  loss=0.179493  best_obj=0.002766  lr=0.00927  geo=1.00  patch_std=0.1821 [0.000,0.959]
  Step  8170/12000  loss=0.065172  best_obj=0.002766  lr=0.00924  geo=1.00  patch_std=0.1824 [0.000,0.967]
  Step  8180/12000  loss=0.047137  best_obj=0.002766  lr=0.00921  geo=1.00  patch_std=0.1814 [0.000,0.941]
  Step  8190/12000  loss=0.081451  best_obj=0.002766  lr=0.00918  geo=1.00  patch_std=0.1808 [0.000,0.943]
  Step  8200/12000  loss=0.049144  best_obj=0.002766  lr=0.00915  geo=1.00  patch_std=0.1809 [0.000,0.925]
[CONF]  Step  8200  mean_conf=0.5190  (baseline=0.8795, Δ=-41.0%)  suppressed(<0.25)=13/52
  Step  8210/12000  loss=0.086596  best_obj=0.002766  lr=0.00912  geo=1.00  patch_std=0.1821 [0.000,0.925]
  Step  8220/12000  loss=0.129247  best_obj=0.002766  lr=0.00909  geo=1.00  patch_std=0.1816 [0.000,0.942]
  Step  8230/12000  loss=0.133774  best_obj=0.002766  lr=0.00906  geo=1.00  patch_std=0.1817 [0.000,0.942]
  Step  8240/12000  loss=0.059232  best_obj=0.002766  lr=0.00903  geo=1.00  patch_std=0.1816 [0.000,0.960]
  Step  8250/12000  loss=0.088771  best_obj=0.002766  lr=0.00900  geo=1.00  patch_std=0.1814 [0.000,0.954]
  Step  8260/12000  loss=0.085707  best_obj=0.002766  lr=0.00897  geo=1.00  patch_std=0.1815 [0.000,0.952]
  Step  8270/12000  loss=0.110151  best_obj=0.002766  lr=0.00894  geo=1.00  patch_std=0.1816 [0.000,0.959]
  Step  8280/12000  loss=0.110063  best_obj=0.002766  lr=0.00891  geo=1.00  patch_std=0.1816 [0.000,0.969]
  Step  8290/12000  loss=0.121453  best_obj=0.002766  lr=0.00888  geo=1.00  patch_std=0.1806 [0.000,0.972]
  Step  8300/12000  loss=0.094163  best_obj=0.002766  lr=0.00885  geo=1.00  patch_std=0.1812 [0.000,0.952]
  Step  8310/12000  loss=0.041333  best_obj=0.002766  lr=0.00883  geo=1.00  patch_std=0.1811 [0.000,0.950]
  Step  8320/12000  loss=0.090912  best_obj=0.002766  lr=0.00880  geo=1.00  patch_std=0.1820 [0.000,0.942]
  Step  8330/12000  loss=0.113393  best_obj=0.002766  lr=0.00877  geo=1.00  patch_std=0.1818 [0.000,0.959]
  Step  8340/12000  loss=0.069705  best_obj=0.002766  lr=0.00874  geo=1.00  patch_std=0.1813 [0.000,0.957]
  Step  8350/12000  loss=0.055953  best_obj=0.002766  lr=0.00871  geo=1.00  patch_std=0.1804 [0.000,0.974]
  Step  8360/12000  loss=0.091988  best_obj=0.002766  lr=0.00868  geo=1.00  patch_std=0.1808 [0.000,0.959]
  Step  8370/12000  loss=0.094789  best_obj=0.002766  lr=0.00865  geo=1.00  patch_std=0.1813 [0.000,0.971]
  Step  8380/12000  loss=0.122215  best_obj=0.002766  lr=0.00862  geo=1.00  patch_std=0.1813 [0.000,0.942]
  Step  8390/12000  loss=0.132890  best_obj=0.002766  lr=0.00859  geo=1.00  patch_std=0.1811 [0.000,0.952]
  Step  8400/12000  loss=0.097093  best_obj=0.002766  lr=0.00857  geo=1.00  patch_std=0.1817 [0.000,0.940]
[CONF]  Step  8400  mean_conf=0.5190  (baseline=0.8795, Δ=-41.0%)  suppressed(<0.25)=13/52
  Step  8410/12000  loss=0.056329  best_obj=0.002766  lr=0.00854  geo=1.00  patch_std=0.1815 [0.000,0.926]
  Step  8420/12000  loss=0.055401  best_obj=0.002766  lr=0.00851  geo=1.00  patch_std=0.1813 [0.000,0.936]
  Step  8430/12000  loss=0.030463  best_obj=0.002766  lr=0.00848  geo=1.00  patch_std=0.1809 [0.000,0.934]
  Step  8440/12000  loss=0.030845  best_obj=0.002766  lr=0.00845  geo=1.00  patch_std=0.1805 [0.000,0.934]
  Step  8450/12000  loss=0.095388  best_obj=0.002766  lr=0.00842  geo=1.00  patch_std=0.1803 [0.000,0.952]
  Step  8460/12000  loss=0.073676  best_obj=0.002766  lr=0.00840  geo=1.00  patch_std=0.1804 [0.000,0.975]
  Step  8470/12000  loss=0.071987  best_obj=0.002766  lr=0.00837  geo=1.00  patch_std=0.1815 [0.000,0.967]
  Step  8480/12000  loss=0.074971  best_obj=0.002766  lr=0.00834  geo=1.00  patch_std=0.1822 [0.000,0.975]
  Step  8490/12000  loss=0.113404  best_obj=0.002766  lr=0.00831  geo=1.00  patch_std=0.1820 [0.000,0.985]
  Step  8500/12000  loss=0.047846  best_obj=0.002766  lr=0.00828  geo=1.00  patch_std=0.1811 [0.000,0.984]
  Step  8510/12000  loss=0.066574  best_obj=0.002766  lr=0.00825  geo=1.00  patch_std=0.1818 [0.000,0.984]
  Step  8520/12000  loss=0.048773  best_obj=0.002766  lr=0.00823  geo=1.00  patch_std=0.1808 [0.000,0.992]
  Step  8530/12000  loss=0.073204  best_obj=0.002766  lr=0.00820  geo=1.00  patch_std=0.1822 [0.000,0.987]
  Step  8540/12000  loss=0.072294  best_obj=0.002766  lr=0.00817  geo=1.00  patch_std=0.1824 [0.000,0.988]
  Step  8550/12000  loss=0.063064  best_obj=0.002766  lr=0.00814  geo=1.00  patch_std=0.1820 [0.000,0.983]
  Step  8560/12000  loss=0.089783  best_obj=0.002766  lr=0.00812  geo=1.00  patch_std=0.1822 [0.000,0.967]
  Step  8570/12000  loss=0.093711  best_obj=0.002766  lr=0.00809  geo=1.00  patch_std=0.1833 [0.000,0.991]
  Step  8580/12000  loss=0.113679  best_obj=0.002766  lr=0.00806  geo=1.00  patch_std=0.1829 [0.000,0.971]
  Step  8590/12000  loss=0.037942  best_obj=0.002766  lr=0.00803  geo=1.00  patch_std=0.1833 [0.000,0.972]
  Step  8600/12000  loss=0.069387  best_obj=0.002766  lr=0.00800  geo=1.00  patch_std=0.1841 [0.000,0.988]
[CONF]  Step  8600  mean_conf=0.5190  (baseline=0.8795, Δ=-41.0%)  suppressed(<0.25)=13/52
  Step  8610/12000  loss=0.137913  best_obj=0.002766  lr=0.00798  geo=1.00  patch_std=0.1844 [0.000,0.972]
  Step  8620/12000  loss=0.072375  best_obj=0.002766  lr=0.00795  geo=1.00  patch_std=0.1838 [0.000,0.965]
  Step  8630/12000  loss=0.108350  best_obj=0.002766  lr=0.00792  geo=1.00  patch_std=0.1844 [0.000,0.998]
  Step  8640/12000  loss=0.024817  best_obj=0.002766  lr=0.00790  geo=1.00  patch_std=0.1831 [0.000,0.957]
  Step  8650/12000  loss=0.051518  best_obj=0.002766  lr=0.00787  geo=1.00  patch_std=0.1823 [0.000,0.967]
  Step  8660/12000  loss=0.105822  best_obj=0.002766  lr=0.00784  geo=1.00  patch_std=0.1822 [0.000,0.966]
  Step  8670/12000  loss=0.097774  best_obj=0.002766  lr=0.00781  geo=1.00  patch_std=0.1811 [0.000,0.935]
  Step  8680/12000  loss=0.104946  best_obj=0.002766  lr=0.00779  geo=1.00  patch_std=0.1808 [0.000,0.952]
  Step  8690/12000  loss=0.049964  best_obj=0.002766  lr=0.00776  geo=1.00  patch_std=0.1799 [0.000,0.951]
  Step  8700/12000  loss=0.061085  best_obj=0.002766  lr=0.00773  geo=1.00  patch_std=0.1796 [0.000,0.939]
  Step  8710/12000  loss=0.068547  best_obj=0.002766  lr=0.00771  geo=1.00  patch_std=0.1799 [0.000,0.936]
  Step  8720/12000  loss=0.057557  best_obj=0.002766  lr=0.00768  geo=1.00  patch_std=0.1803 [0.000,0.939]
  Step  8730/12000  loss=0.079674  best_obj=0.002766  lr=0.00765  geo=1.00  patch_std=0.1804 [0.000,0.964]
  Step  8740/12000  loss=0.032507  best_obj=0.002766  lr=0.00763  geo=1.00  patch_std=0.1801 [0.000,0.933]
  Step  8750/12000  loss=0.049073  best_obj=0.002766  lr=0.00760  geo=1.00  patch_std=0.1790 [0.000,0.926]
  Step  8760/12000  loss=0.075027  best_obj=0.002766  lr=0.00757  geo=1.00  patch_std=0.1790 [0.000,0.920]
  Step  8770/12000  loss=0.076019  best_obj=0.002766  lr=0.00755  geo=1.00  patch_std=0.1793 [0.000,0.938]
  Step  8780/12000  loss=0.124616  best_obj=0.002766  lr=0.00752  geo=1.00  patch_std=0.1793 [0.000,0.939]
  Step  8790/12000  loss=0.095824  best_obj=0.002766  lr=0.00749  geo=1.00  patch_std=0.1795 [0.000,0.953]
  Step  8800/12000  loss=0.057546  best_obj=0.002766  lr=0.00747  geo=1.00  patch_std=0.1786 [0.000,0.952]
[CONF]  Step  8800  mean_conf=0.5190  (baseline=0.8795, Δ=-41.0%)  suppressed(<0.25)=13/52
  Step  8810/12000  loss=0.052674  best_obj=0.002766  lr=0.00744  geo=1.00  patch_std=0.1794 [0.000,0.967]
  Step  8820/12000  loss=0.066576  best_obj=0.002766  lr=0.00742  geo=1.00  patch_std=0.1778 [0.000,0.923]
  Step  8830/12000  loss=0.076074  best_obj=0.002766  lr=0.00739  geo=1.00  patch_std=0.1774 [0.000,0.930]
  Step  8840/12000  loss=0.145773  best_obj=0.002766  lr=0.00736  geo=1.00  patch_std=0.1772 [0.007,0.918]
  Step  8850/12000  loss=0.078150  best_obj=0.002766  lr=0.00734  geo=1.00  patch_std=0.1773 [0.000,0.909]
  Step  8860/12000  loss=0.044055  best_obj=0.002766  lr=0.00731  geo=1.00  patch_std=0.1784 [0.000,0.924]
  Step  8870/12000  loss=0.056835  best_obj=0.002766  lr=0.00729  geo=1.00  patch_std=0.1787 [0.000,0.919]
  Step  8880/12000  loss=0.069414  best_obj=0.002766  lr=0.00726  geo=1.00  patch_std=0.1780 [0.000,0.896]
  Step  8890/12000  loss=0.107751  best_obj=0.002766  lr=0.00723  geo=1.00  patch_std=0.1790 [0.000,0.923]
  Step  8900/12000  loss=0.045792  best_obj=0.002766  lr=0.00721  geo=1.00  patch_std=0.1791 [0.000,0.923]
  Step  8910/12000  loss=0.103023  best_obj=0.002766  lr=0.00718  geo=1.00  patch_std=0.1789 [0.000,0.923]
  Step  8920/12000  loss=0.090940  best_obj=0.002766  lr=0.00716  geo=1.00  patch_std=0.1796 [0.000,0.924]
  Step  8930/12000  loss=0.085548  best_obj=0.002766  lr=0.00713  geo=1.00  patch_std=0.1796 [0.000,0.912]
  Step  8940/12000  loss=0.127449  best_obj=0.002766  lr=0.00711  geo=1.00  patch_std=0.1786 [0.000,0.935]
  Step  8950/12000  loss=0.077650  best_obj=0.002766  lr=0.00708  geo=1.00  patch_std=0.1781 [0.000,0.919]
  Step  8960/12000  loss=0.087818  best_obj=0.002766  lr=0.00706  geo=1.00  patch_std=0.1769 [0.000,0.909]
  Step  8970/12000  loss=0.129839  best_obj=0.002766  lr=0.00703  geo=1.00  patch_std=0.1781 [0.000,0.924]
  Step  8980/12000  loss=0.062384  best_obj=0.002766  lr=0.00700  geo=1.00  patch_std=0.1781 [0.000,0.937]
  Step  8990/12000  loss=0.039880  best_obj=0.002766  lr=0.00698  geo=1.00  patch_std=0.1785 [0.001,0.933]
  Step  9000/12000  loss=0.060865  best_obj=0.002766  lr=0.00695  geo=1.00  patch_std=0.1784 [0.000,0.938]
[CONF]  Step  9000  mean_conf=0.5190  (baseline=0.8795, Δ=-41.0%)  suppressed(<0.25)=13/52
  Step  9010/12000  loss=0.046948  best_obj=0.002766  lr=0.00693  geo=1.00  patch_std=0.1785 [0.000,0.951]
  Step  9020/12000  loss=0.087066  best_obj=0.002766  lr=0.00690  geo=1.00  patch_std=0.1792 [0.000,0.944]
  Step  9030/12000  loss=0.029943  best_obj=0.002766  lr=0.00688  geo=1.00  patch_std=0.1793 [0.000,0.946]
  Step  9040/12000  loss=0.048099  best_obj=0.002766  lr=0.00686  geo=1.00  patch_std=0.1788 [0.000,0.927]
  Step  9050/12000  loss=0.103964  best_obj=0.002766  lr=0.00683  geo=1.00  patch_std=0.1788 [0.000,0.930]
  Step  9060/12000  loss=0.029045  best_obj=0.002766  lr=0.00681  geo=1.00  patch_std=0.1789 [0.000,0.930]
  Step  9070/12000  loss=0.063502  best_obj=0.002766  lr=0.00678  geo=1.00  patch_std=0.1789 [0.000,0.940]
  Step  9080/12000  loss=0.102292  best_obj=0.002766  lr=0.00676  geo=1.00  patch_std=0.1787 [0.000,0.937]
  Step  9090/12000  loss=0.101024  best_obj=0.002766  lr=0.00673  geo=1.00  patch_std=0.1790 [0.000,0.917]
  Step  9100/12000  loss=0.042633  best_obj=0.002766  lr=0.00671  geo=1.00  patch_std=0.1783 [0.000,0.929]
  Step  9110/12000  loss=0.084221  best_obj=0.002766  lr=0.00668  geo=1.00  patch_std=0.1793 [0.000,0.929]
  Step  9120/12000  loss=0.089376  best_obj=0.002766  lr=0.00666  geo=1.00  patch_std=0.1788 [0.000,0.904]
  Step  9130/12000  loss=0.073591  best_obj=0.002766  lr=0.00664  geo=1.00  patch_std=0.1794 [0.000,0.917]
  Step  9140/12000  loss=0.076691  best_obj=0.002766  lr=0.00661  geo=1.00  patch_std=0.1791 [0.000,0.931]
  Step  9150/12000  loss=0.109107  best_obj=0.002766  lr=0.00659  geo=1.00  patch_std=0.1788 [0.000,0.944]
  Step  9160/12000  loss=0.089741  best_obj=0.002766  lr=0.00656  geo=1.00  patch_std=0.1784 [0.000,0.926]
  Step  9170/12000  loss=0.061224  best_obj=0.002766  lr=0.00654  geo=1.00  patch_std=0.1791 [0.000,0.916]
  Step  9180/12000  loss=0.061821  best_obj=0.002766  lr=0.00652  geo=1.00  patch_std=0.1789 [0.000,0.907]
  Step  9190/12000  loss=0.125882  best_obj=0.002766  lr=0.00649  geo=1.00  patch_std=0.1790 [0.000,0.915]
  Step  9200/12000  loss=0.070664  best_obj=0.002766  lr=0.00647  geo=1.00  patch_std=0.1795 [0.000,0.920]
[CONF]  Step  9200  mean_conf=0.5190  (baseline=0.8795, Δ=-41.0%)  suppressed(<0.25)=13/52
  Step  9210/12000  loss=0.097668  best_obj=0.002766  lr=0.00644  geo=1.00  patch_std=0.1795 [0.000,0.920]
  Step  9220/12000  loss=0.075535  best_obj=0.002766  lr=0.00642  geo=1.00  patch_std=0.1797 [0.000,0.932]
  Step  9230/12000  loss=0.105392  best_obj=0.002766  lr=0.00640  geo=1.00  patch_std=0.1787 [0.000,0.926]
  Step  9240/12000  loss=0.075394  best_obj=0.002766  lr=0.00637  geo=1.00  patch_std=0.1787 [0.000,0.932]
  Step  9250/12000  loss=0.073079  best_obj=0.002766  lr=0.00635  geo=1.00  patch_std=0.1787 [0.000,0.924]
  Step  9260/12000  loss=0.078549  best_obj=0.002766  lr=0.00633  geo=1.00  patch_std=0.1788 [0.000,0.937]
  Step  9270/12000  loss=0.044187  best_obj=0.002766  lr=0.00630  geo=1.00  patch_std=0.1788 [0.000,0.931]
  Step  9280/12000  loss=0.050065  best_obj=0.002766  lr=0.00628  geo=1.00  patch_std=0.1782 [0.000,0.915]
  Step  9290/12000  loss=0.025922  best_obj=0.002766  lr=0.00626  geo=1.00  patch_std=0.1773 [0.000,0.915]
  Step  9300/12000  loss=0.124913  best_obj=0.002766  lr=0.00624  geo=1.00  patch_std=0.1770 [0.000,0.907]
  Step  9310/12000  loss=0.041700  best_obj=0.002766  lr=0.00621  geo=1.00  patch_std=0.1770 [0.000,0.920]
  Step  9320/12000  loss=0.059081  best_obj=0.002766  lr=0.00619  geo=1.00  patch_std=0.1771 [0.000,0.915]
  Step  9330/12000  loss=0.130153  best_obj=0.002766  lr=0.00617  geo=1.00  patch_std=0.1774 [0.000,0.909]
  Step  9340/12000  loss=0.056978  best_obj=0.002766  lr=0.00614  geo=1.00  patch_std=0.1776 [0.000,0.916]
  Step  9350/12000  loss=0.058829  best_obj=0.002766  lr=0.00612  geo=1.00  patch_std=0.1776 [0.000,0.907]
  Step  9360/12000  loss=0.101608  best_obj=0.002766  lr=0.00610  geo=1.00  patch_std=0.1783 [0.000,0.902]
  Step  9370/12000  loss=0.046774  best_obj=0.002766  lr=0.00608  geo=1.00  patch_std=0.1780 [0.000,0.905]
  Step  9380/12000  loss=0.051010  best_obj=0.002766  lr=0.00605  geo=1.00  patch_std=0.1785 [0.000,0.904]
  Step  9390/12000  loss=0.121255  best_obj=0.002766  lr=0.00603  geo=1.00  patch_std=0.1785 [0.000,0.927]
  Step  9400/12000  loss=0.047646  best_obj=0.002766  lr=0.00601  geo=1.00  patch_std=0.1784 [0.000,0.940]
[CONF]  Step  9400  mean_conf=0.5190  (baseline=0.8795, Δ=-41.0%)  suppressed(<0.25)=13/52
  Step  9410/12000  loss=0.085956  best_obj=0.002766  lr=0.00599  geo=1.00  patch_std=0.1787 [0.000,0.924]
  Step  9420/12000  loss=0.059493  best_obj=0.002766  lr=0.00596  geo=1.00  patch_std=0.1798 [0.000,0.933]
  Step  9430/12000  loss=0.034278  best_obj=0.002766  lr=0.00594  geo=1.00  patch_std=0.1800 [0.000,0.924]
  Step  9440/12000  loss=0.054004  best_obj=0.002766  lr=0.00592  geo=1.00  patch_std=0.1798 [0.000,0.926]
  Step  9450/12000  loss=0.098477  best_obj=0.002766  lr=0.00590  geo=1.00  patch_std=0.1798 [0.000,0.926]
  Step  9460/12000  loss=0.072873  best_obj=0.002766  lr=0.00588  geo=1.00  patch_std=0.1804 [0.000,0.923]
  Step  9470/12000  loss=0.046876  best_obj=0.002766  lr=0.00586  geo=1.00  patch_std=0.1795 [0.000,0.916]
  Step  9480/12000  loss=0.062733  best_obj=0.002766  lr=0.00583  geo=1.00  patch_std=0.1789 [0.000,0.928]
  Step  9490/12000  loss=0.055071  best_obj=0.002766  lr=0.00581  geo=1.00  patch_std=0.1790 [0.000,0.914]
  Step  9500/12000  loss=0.061887  best_obj=0.002766  lr=0.00579  geo=1.00  patch_std=0.1784 [0.000,0.915]
  Step  9510/12000  loss=0.079700  best_obj=0.002766  lr=0.00577  geo=1.00  patch_std=0.1782 [0.000,0.915]
  Step  9520/12000  loss=0.071099  best_obj=0.002766  lr=0.00575  geo=1.00  patch_std=0.1788 [0.000,0.909]
  Step  9530/12000  loss=0.050138  best_obj=0.002766  lr=0.00573  geo=1.00  patch_std=0.1789 [0.000,0.914]
  Step  9540/12000  loss=0.084532  best_obj=0.002766  lr=0.00570  geo=1.00  patch_std=0.1799 [0.000,0.928]
  Step  9550/12000  loss=0.054492  best_obj=0.002766  lr=0.00568  geo=1.00  patch_std=0.1791 [0.000,0.910]
  Step  9560/12000  loss=0.061258  best_obj=0.002766  lr=0.00566  geo=1.00  patch_std=0.1793 [0.000,0.912]
  Step  9570/12000  loss=0.033000  best_obj=0.002766  lr=0.00564  geo=1.00  patch_std=0.1789 [0.000,0.894]
  Step  9580/12000  loss=0.078962  best_obj=0.002766  lr=0.00562  geo=1.00  patch_std=0.1795 [0.000,0.913]
  Step  9590/12000  loss=0.078644  best_obj=0.002766  lr=0.00560  geo=1.00  patch_std=0.1793 [0.000,0.915]
  Step  9600/12000  loss=0.082388  best_obj=0.002766  lr=0.00558  geo=1.00  patch_std=0.1784 [0.000,0.915]
[CONF]  Step  9600  mean_conf=0.5190  (baseline=0.8795, Δ=-41.0%)  suppressed(<0.25)=13/52
  Step  9610/12000  loss=0.036195  best_obj=0.002766  lr=0.00556  geo=1.00  patch_std=0.1783 [0.000,0.916]
  Step  9620/12000  loss=0.092299  best_obj=0.002766  lr=0.00554  geo=1.00  patch_std=0.1786 [0.000,0.920]
  Step  9630/12000  loss=0.027051  best_obj=0.002766  lr=0.00552  geo=1.00  patch_std=0.1788 [0.000,0.920]
  Step  9640/12000  loss=0.082303  best_obj=0.002766  lr=0.00550  geo=1.00  patch_std=0.1789 [0.000,0.920]
  Step  9650/12000  loss=0.100005  best_obj=0.002766  lr=0.00548  geo=1.00  patch_std=0.1788 [0.000,0.911]
  Step  9660/12000  loss=0.047650  best_obj=0.002766  lr=0.00546  geo=1.00  patch_std=0.1790 [0.000,0.927]
  Step  9670/12000  loss=0.068066  best_obj=0.002766  lr=0.00544  geo=1.00  patch_std=0.1782 [0.000,0.923]
  Step  9680/12000  loss=0.053890  best_obj=0.002766  lr=0.00541  geo=1.00  patch_std=0.1785 [0.000,0.916]
  Step  9690/12000  loss=0.062214  best_obj=0.002766  lr=0.00539  geo=1.00  patch_std=0.1786 [0.000,0.927]
  Step  9700/12000  loss=0.077349  best_obj=0.002766  lr=0.00537  geo=1.00  patch_std=0.1790 [0.000,0.930]
  Step  9710/12000  loss=0.096482  best_obj=0.002766  lr=0.00535  geo=1.00  patch_std=0.1790 [0.000,0.944]
  Step  9720/12000  loss=0.080825  best_obj=0.002766  lr=0.00533  geo=1.00  patch_std=0.1789 [0.000,0.933]
  Step  9730/12000  loss=0.084664  best_obj=0.002766  lr=0.00531  geo=1.00  patch_std=0.1784 [0.000,0.936]
  Step  9740/12000  loss=0.076368  best_obj=0.002766  lr=0.00530  geo=1.00  patch_std=0.1786 [0.000,0.944]
  Step  9750/12000  loss=0.079510  best_obj=0.002766  lr=0.00528  geo=1.00  patch_std=0.1793 [0.000,0.943]
  Step  9760/12000  loss=0.084341  best_obj=0.002766  lr=0.00526  geo=1.00  patch_std=0.1788 [0.000,0.933]
  Step  9770/12000  loss=0.079905  best_obj=0.002766  lr=0.00524  geo=1.00  patch_std=0.1800 [0.000,0.941]
  Step  9780/12000  loss=0.035055  best_obj=0.002766  lr=0.00522  geo=1.00  patch_std=0.1793 [0.000,0.944]
  Step  9790/12000  loss=0.050120  best_obj=0.002766  lr=0.00520  geo=1.00  patch_std=0.1792 [0.000,0.932]
  Step  9800/12000  loss=0.090336  best_obj=0.002766  lr=0.00518  geo=1.00  patch_std=0.1789 [0.000,0.925]
[CONF]  Step  9800  mean_conf=0.5190  (baseline=0.8795, Δ=-41.0%)  suppressed(<0.25)=13/52
  Step  9810/12000  loss=0.077810  best_obj=0.002766  lr=0.00516  geo=1.00  patch_std=0.1786 [0.000,0.914]
  Step  9820/12000  loss=0.092537  best_obj=0.002766  lr=0.00514  geo=1.00  patch_std=0.1795 [0.000,0.916]
  Step  9830/12000  loss=0.075493  best_obj=0.002766  lr=0.00512  geo=1.00  patch_std=0.1794 [0.000,0.923]
  Step  9840/12000  loss=0.082043  best_obj=0.002766  lr=0.00510  geo=1.00  patch_std=0.1791 [0.000,0.933]
  Step  9850/12000  loss=0.125114  best_obj=0.002766  lr=0.00508  geo=1.00  patch_std=0.1799 [0.000,0.930]
  Step  9860/12000  loss=0.054989  best_obj=0.002766  lr=0.00506  geo=1.00  patch_std=0.1805 [0.000,0.943]
  Step  9870/12000  loss=0.072927  best_obj=0.002766  lr=0.00505  geo=1.00  patch_std=0.1804 [0.000,0.960]
  Step  9880/12000  loss=0.118565  best_obj=0.002766  lr=0.00503  geo=1.00  patch_std=0.1796 [0.000,0.953]
  Step  9890/12000  loss=0.059164  best_obj=0.002766  lr=0.00501  geo=1.00  patch_std=0.1794 [0.000,0.945]
  Step  9900/12000  loss=0.062012  best_obj=0.002766  lr=0.00499  geo=1.00  patch_std=0.1797 [0.000,0.933]
  Step  9910/12000  loss=0.034675  best_obj=0.002766  lr=0.00497  geo=1.00  patch_std=0.1797 [0.000,0.940]
  Step  9920/12000  loss=0.061995  best_obj=0.002766  lr=0.00495  geo=1.00  patch_std=0.1798 [0.000,0.933]
  Step  9930/12000  loss=0.074132  best_obj=0.002766  lr=0.00493  geo=1.00  patch_std=0.1787 [0.000,0.915]
  Step  9940/12000  loss=0.049226  best_obj=0.002766  lr=0.00492  geo=1.00  patch_std=0.1792 [0.000,0.911]
  Step  9950/12000  loss=0.085673  best_obj=0.002766  lr=0.00490  geo=1.00  patch_std=0.1794 [0.000,0.912]
  Step  9960/12000  loss=0.066495  best_obj=0.002766  lr=0.00488  geo=1.00  patch_std=0.1788 [0.000,0.924]
  Step  9970/12000  loss=0.047671  best_obj=0.002766  lr=0.00486  geo=1.00  patch_std=0.1783 [0.000,0.926]
  Step  9980/12000  loss=0.120465  best_obj=0.002766  lr=0.00484  geo=1.00  patch_std=0.1787 [0.000,0.932]
  Step  9990/12000  loss=0.072807  best_obj=0.002766  lr=0.00483  geo=1.00  patch_std=0.1789 [0.000,0.934]
  Step 10000/12000  loss=0.039146  best_obj=0.002766  lr=0.00481  geo=1.00  patch_std=0.1785 [0.000,0.943]
[CONF]  Step 10000  mean_conf=0.5190  (baseline=0.8795, Δ=-41.0%)  suppressed(<0.25)=13/52
  Step 10010/12000  loss=0.072717  best_obj=0.002766  lr=0.00479  geo=1.00  patch_std=0.1787 [0.000,0.924]
  Step 10020/12000  loss=0.053593  best_obj=0.002766  lr=0.00477  geo=1.00  patch_std=0.1785 [0.000,0.942]
  Step 10030/12000  loss=0.048910  best_obj=0.002766  lr=0.00476  geo=1.00  patch_std=0.1782 [0.000,0.934]
  Step 10040/12000  loss=0.042096  best_obj=0.002766  lr=0.00474  geo=1.00  patch_std=0.1774 [0.000,0.927]
  Step 10050/12000  loss=0.099065  best_obj=0.002766  lr=0.00472  geo=1.00  patch_std=0.1781 [0.000,0.933]
  Step 10060/12000  loss=0.096126  best_obj=0.002766  lr=0.00470  geo=1.00  patch_std=0.1782 [0.000,0.930]
  Step 10070/12000  loss=0.078487  best_obj=0.002766  lr=0.00469  geo=1.00  patch_std=0.1783 [0.000,0.938]
  Step 10080/12000  loss=0.081768  best_obj=0.002766  lr=0.00467  geo=1.00  patch_std=0.1784 [0.000,0.948]
  Step 10090/12000  loss=0.035587  best_obj=0.002766  lr=0.00465  geo=1.00  patch_std=0.1780 [0.000,0.938]
  Step 10100/12000  loss=0.045160  best_obj=0.002766  lr=0.00464  geo=1.00  patch_std=0.1784 [0.000,0.939]
  Step 10110/12000  loss=0.049408  best_obj=0.002766  lr=0.00462  geo=1.00  patch_std=0.1783 [0.000,0.942]
  Step 10120/12000  loss=0.066160  best_obj=0.002766  lr=0.00460  geo=1.00  patch_std=0.1784 [0.000,0.931]
  Step 10130/12000  loss=0.099107  best_obj=0.002766  lr=0.00459  geo=1.00  patch_std=0.1777 [0.000,0.930]
  Step 10140/12000  loss=0.111730  best_obj=0.002766  lr=0.00457  geo=1.00  patch_std=0.1781 [0.000,0.930]
  Step 10150/12000  loss=0.062780  best_obj=0.002766  lr=0.00455  geo=1.00  patch_std=0.1785 [0.000,0.934]
  Step 10160/12000  loss=0.111098  best_obj=0.002766  lr=0.00454  geo=1.00  patch_std=0.1791 [0.000,0.940]
  Step 10170/12000  loss=0.058881  best_obj=0.002766  lr=0.00452  geo=1.00  patch_std=0.1787 [0.000,0.934]
  Step 10180/12000  loss=0.094688  best_obj=0.002766  lr=0.00450  geo=1.00  patch_std=0.1789 [0.000,0.943]
  Step 10190/12000  loss=0.060269  best_obj=0.002766  lr=0.00449  geo=1.00  patch_std=0.1792 [0.000,0.966]
  Step 10200/12000  loss=0.067748  best_obj=0.002766  lr=0.00447  geo=1.00  patch_std=0.1787 [0.000,0.959]
[CONF]  Step 10200  mean_conf=0.5190  (baseline=0.8795, Δ=-41.0%)  suppressed(<0.25)=13/52
  Step 10210/12000  loss=0.111462  best_obj=0.002766  lr=0.00446  geo=1.00  patch_std=0.1789 [0.000,0.952]
  Step 10220/12000  loss=0.054521  best_obj=0.002766  lr=0.00444  geo=1.00  patch_std=0.1789 [0.000,0.960]
  Step 10230/12000  loss=0.032371  best_obj=0.002766  lr=0.00442  geo=1.00  patch_std=0.1786 [0.000,0.948]
  Step 10240/12000  loss=0.114433  best_obj=0.002766  lr=0.00441  geo=1.00  patch_std=0.1786 [0.000,0.941]
  Step 10250/12000  loss=0.063849  best_obj=0.002766  lr=0.00439  geo=1.00  patch_std=0.1786 [0.004,0.922]
  Step 10260/12000  loss=0.088955  best_obj=0.002766  lr=0.00438  geo=1.00  patch_std=0.1789 [0.000,0.930]
  Step 10270/12000  loss=0.033683  best_obj=0.002766  lr=0.00436  geo=1.00  patch_std=0.1787 [0.000,0.924]
  Step 10280/12000  loss=0.064072  best_obj=0.002766  lr=0.00435  geo=1.00  patch_std=0.1792 [0.004,0.931]
  Step 10290/12000  loss=0.023145  best_obj=0.002766  lr=0.00433  geo=1.00  patch_std=0.1786 [0.001,0.922]
  Step 10300/12000  loss=0.077212  best_obj=0.002766  lr=0.00432  geo=1.00  patch_std=0.1786 [0.000,0.939]
  Step 10310/12000  loss=0.059235  best_obj=0.002766  lr=0.00430  geo=1.00  patch_std=0.1788 [0.000,0.931]
  Step 10320/12000  loss=0.072514  best_obj=0.002766  lr=0.00429  geo=1.00  patch_std=0.1779 [0.000,0.913]
  Step 10330/12000  loss=0.055405  best_obj=0.002766  lr=0.00427  geo=1.00  patch_std=0.1779 [0.000,0.904]
  Step 10340/12000  loss=0.076492  best_obj=0.002766  lr=0.00426  geo=1.00  patch_std=0.1782 [0.000,0.905]
  Step 10350/12000  loss=0.063693  best_obj=0.002766  lr=0.00424  geo=1.00  patch_std=0.1781 [0.000,0.917]
  Step 10360/12000  loss=0.088858  best_obj=0.002766  lr=0.00423  geo=1.00  patch_std=0.1779 [0.000,0.921]
  Step 10370/12000  loss=0.102887  best_obj=0.002766  lr=0.00421  geo=1.00  patch_std=0.1783 [0.000,0.916]
  Step 10380/12000  loss=0.106932  best_obj=0.002766  lr=0.00420  geo=1.00  patch_std=0.1786 [0.000,0.916]
  Step 10390/12000  loss=0.079921  best_obj=0.002766  lr=0.00418  geo=1.00  patch_std=0.1787 [0.000,0.910]
  Step 10400/12000  loss=0.093035  best_obj=0.002766  lr=0.00417  geo=1.00  patch_std=0.1789 [0.000,0.912]
[CONF]  Step 10400  mean_conf=0.5190  (baseline=0.8795, Δ=-41.0%)  suppressed(<0.25)=13/52
  Step 10410/12000  loss=0.074493  best_obj=0.002766  lr=0.00415  geo=1.00  patch_std=0.1786 [0.000,0.922]
  Step 10420/12000  loss=0.068931  best_obj=0.002766  lr=0.00414  geo=1.00  patch_std=0.1784 [0.000,0.920]
  Step 10430/12000  loss=0.076685  best_obj=0.002766  lr=0.00412  geo=1.00  patch_std=0.1784 [0.000,0.932]
  Step 10440/12000  loss=0.034498  best_obj=0.002766  lr=0.00411  geo=1.00  patch_std=0.1779 [0.000,0.919]
  Step 10450/12000  loss=0.052934  best_obj=0.002766  lr=0.00410  geo=1.00  patch_std=0.1780 [0.000,0.929]
  Step 10460/12000  loss=0.100758  best_obj=0.002766  lr=0.00408  geo=1.00  patch_std=0.1779 [0.000,0.922]
  Step 10470/12000  loss=0.086628  best_obj=0.002766  lr=0.00407  geo=1.00  patch_std=0.1780 [0.000,0.931]
  Step 10480/12000  loss=0.043330  best_obj=0.002766  lr=0.00406  geo=1.00  patch_std=0.1777 [0.000,0.939]
  Step 10490/12000  loss=0.082237  best_obj=0.002766  lr=0.00404  geo=1.00  patch_std=0.1774 [0.000,0.928]
  Step 10500/12000  loss=0.043027  best_obj=0.002766  lr=0.00403  geo=1.00  patch_std=0.1773 [0.000,0.935]
  Step 10510/12000  loss=0.072339  best_obj=0.002766  lr=0.00401  geo=1.00  patch_std=0.1772 [0.000,0.939]
  Step 10520/12000  loss=0.103429  best_obj=0.002766  lr=0.00400  geo=1.00  patch_std=0.1768 [0.000,0.936]
  Step 10530/12000  loss=0.039689  best_obj=0.002766  lr=0.00399  geo=1.00  patch_std=0.1769 [0.000,0.936]
  Step 10540/12000  loss=0.036403  best_obj=0.002121  lr=0.00397  geo=1.00  patch_std=0.1763 [0.000,0.931]
  Step 10550/12000  loss=0.051902  best_obj=0.002121  lr=0.00396  geo=1.00  patch_std=0.1761 [0.000,0.931]
  Step 10560/12000  loss=0.065073  best_obj=0.002121  lr=0.00395  geo=1.00  patch_std=0.1762 [0.000,0.932]
  Step 10570/12000  loss=0.092522  best_obj=0.002121  lr=0.00394  geo=1.00  patch_std=0.1768 [0.000,0.921]
  Step 10580/12000  loss=0.087102  best_obj=0.002121  lr=0.00392  geo=1.00  patch_std=0.1768 [0.000,0.935]
  Step 10590/12000  loss=0.074277  best_obj=0.002121  lr=0.00391  geo=1.00  patch_std=0.1768 [0.000,0.919]
  Step 10600/12000  loss=0.075102  best_obj=0.002121  lr=0.00390  geo=1.00  patch_std=0.1767 [0.000,0.921]
[CONF]  Step 10600  mean_conf=0.4852  (baseline=0.8795, Δ=-44.8%)  suppressed(<0.25)=13/52
  Step 10610/12000  loss=0.076390  best_obj=0.002121  lr=0.00388  geo=1.00  patch_std=0.1764 [0.000,0.915]
  Step 10620/12000  loss=0.101940  best_obj=0.002121  lr=0.00387  geo=1.00  patch_std=0.1767 [0.000,0.926]
  Step 10630/12000  loss=0.040767  best_obj=0.002121  lr=0.00386  geo=1.00  patch_std=0.1769 [0.000,0.928]
  Step 10640/12000  loss=0.071794  best_obj=0.002121  lr=0.00385  geo=1.00  patch_std=0.1765 [0.000,0.919]
  Step 10650/12000  loss=0.127735  best_obj=0.002121  lr=0.00383  geo=1.00  patch_std=0.1767 [0.000,0.913]
  Step 10660/12000  loss=0.064561  best_obj=0.002121  lr=0.00382  geo=1.00  patch_std=0.1768 [0.000,0.920]
  Step 10670/12000  loss=0.020722  best_obj=0.002121  lr=0.00381  geo=1.00  patch_std=0.1765 [0.000,0.900]
  Step 10680/12000  loss=0.059740  best_obj=0.002121  lr=0.00380  geo=1.00  patch_std=0.1764 [0.000,0.913]
  Step 10690/12000  loss=0.048807  best_obj=0.002121  lr=0.00379  geo=1.00  patch_std=0.1761 [0.000,0.920]
  Step 10700/12000  loss=0.061675  best_obj=0.002121  lr=0.00377  geo=1.00  patch_std=0.1759 [0.000,0.913]
  Step 10710/12000  loss=0.032236  best_obj=0.002121  lr=0.00376  geo=1.00  patch_std=0.1756 [0.000,0.915]
  Step 10720/12000  loss=0.055067  best_obj=0.002121  lr=0.00375  geo=1.00  patch_std=0.1759 [0.000,0.899]
  Step 10730/12000  loss=0.062173  best_obj=0.002121  lr=0.00374  geo=1.00  patch_std=0.1759 [0.000,0.893]
  Step 10740/12000  loss=0.078716  best_obj=0.002121  lr=0.00373  geo=1.00  patch_std=0.1759 [0.000,0.901]
  Step 10750/12000  loss=0.098089  best_obj=0.002121  lr=0.00372  geo=1.00  patch_std=0.1762 [0.000,0.882]
  Step 10760/12000  loss=0.133407  best_obj=0.002121  lr=0.00371  geo=1.00  patch_std=0.1761 [0.000,0.884]
  Step 10770/12000  loss=0.110301  best_obj=0.002121  lr=0.00369  geo=1.00  patch_std=0.1758 [0.000,0.891]
  Step 10780/12000  loss=0.036987  best_obj=0.002121  lr=0.00368  geo=1.00  patch_std=0.1759 [0.000,0.890]
  Step 10790/12000  loss=0.054056  best_obj=0.002121  lr=0.00367  geo=1.00  patch_std=0.1760 [0.000,0.893]
  Step 10800/12000  loss=0.078733  best_obj=0.002121  lr=0.00366  geo=1.00  patch_std=0.1760 [0.000,0.890]
[CONF]  Step 10800  mean_conf=0.4852  (baseline=0.8795, Δ=-44.8%)  suppressed(<0.25)=13/52
  Step 10810/12000  loss=0.120087  best_obj=0.002121  lr=0.00365  geo=1.00  patch_std=0.1757 [0.000,0.882]
  Step 10820/12000  loss=0.060428  best_obj=0.002121  lr=0.00364  geo=1.00  patch_std=0.1757 [0.000,0.893]
  Step 10830/12000  loss=0.052569  best_obj=0.002121  lr=0.00363  geo=1.00  patch_std=0.1756 [0.000,0.893]
  Step 10840/12000  loss=0.083753  best_obj=0.002121  lr=0.00362  geo=1.00  patch_std=0.1757 [0.000,0.886]
  Step 10850/12000  loss=0.044491  best_obj=0.002121  lr=0.00361  geo=1.00  patch_std=0.1754 [0.000,0.892]
  Step 10860/12000  loss=0.047778  best_obj=0.002121  lr=0.00360  geo=1.00  patch_std=0.1755 [0.000,0.885]
  Step 10870/12000  loss=0.050540  best_obj=0.002121  lr=0.00359  geo=1.00  patch_std=0.1758 [0.000,0.889]
  Step 10880/12000  loss=0.057312  best_obj=0.002121  lr=0.00358  geo=1.00  patch_std=0.1760 [0.000,0.891]
  Step 10890/12000  loss=0.055802  best_obj=0.002121  lr=0.00357  geo=1.00  patch_std=0.1759 [0.000,0.898]
  Step 10900/12000  loss=0.095665  best_obj=0.002121  lr=0.00356  geo=1.00  patch_std=0.1757 [0.000,0.905]
  Step 10910/12000  loss=0.025892  best_obj=0.002121  lr=0.00355  geo=1.00  patch_std=0.1756 [0.000,0.898]
  Step 10920/12000  loss=0.079292  best_obj=0.002121  lr=0.00354  geo=1.00  patch_std=0.1756 [0.000,0.890]
  Step 10930/12000  loss=0.079667  best_obj=0.002121  lr=0.00353  geo=1.00  patch_std=0.1764 [0.000,0.896]
  Step 10940/12000  loss=0.058708  best_obj=0.002121  lr=0.00352  geo=1.00  patch_std=0.1763 [0.000,0.889]
  Step 10950/12000  loss=0.065646  best_obj=0.002121  lr=0.00351  geo=1.00  patch_std=0.1763 [0.000,0.895]
  Step 10960/12000  loss=0.035426  best_obj=0.002121  lr=0.00350  geo=1.00  patch_std=0.1762 [0.000,0.887]
  Step 10970/12000  loss=0.123511  best_obj=0.002121  lr=0.00349  geo=1.00  patch_std=0.1761 [0.000,0.884]
  Step 10980/12000  loss=0.086969  best_obj=0.002121  lr=0.00348  geo=1.00  patch_std=0.1758 [0.000,0.884]
  Step 10990/12000  loss=0.097522  best_obj=0.002121  lr=0.00347  geo=1.00  patch_std=0.1757 [0.000,0.890]
  Step 11000/12000  loss=0.096303  best_obj=0.002121  lr=0.00346  geo=1.00  patch_std=0.1758 [0.000,0.889]
[CONF]  Step 11000  mean_conf=0.4852  (baseline=0.8795, Δ=-44.8%)  suppressed(<0.25)=13/52
  Step 11010/12000  loss=0.071848  best_obj=0.002121  lr=0.00345  geo=1.00  patch_std=0.1760 [0.000,0.896]
  Step 11020/12000  loss=0.040587  best_obj=0.002121  lr=0.00344  geo=1.00  patch_std=0.1756 [0.000,0.898]
  Step 11030/12000  loss=0.023354  best_obj=0.002121  lr=0.00343  geo=1.00  patch_std=0.1753 [0.000,0.896]
  Step 11040/12000  loss=0.055881  best_obj=0.002121  lr=0.00342  geo=1.00  patch_std=0.1752 [0.000,0.890]
  Step 11050/12000  loss=0.054299  best_obj=0.002121  lr=0.00342  geo=1.00  patch_std=0.1753 [0.000,0.882]
  Step 11060/12000  loss=0.064983  best_obj=0.002121  lr=0.00341  geo=1.00  patch_std=0.1755 [0.000,0.909]
  Step 11070/12000  loss=0.071296  best_obj=0.002121  lr=0.00340  geo=1.00  patch_std=0.1757 [0.000,0.902]
  Step 11080/12000  loss=0.097739  best_obj=0.002121  lr=0.00339  geo=1.00  patch_std=0.1757 [0.000,0.902]
  Step 11090/12000  loss=0.094804  best_obj=0.002121  lr=0.00338  geo=1.00  patch_std=0.1757 [0.000,0.904]
  Step 11100/12000  loss=0.061618  best_obj=0.002121  lr=0.00337  geo=1.00  patch_std=0.1758 [0.000,0.898]
  Step 11110/12000  loss=0.047756  best_obj=0.002121  lr=0.00336  geo=1.00  patch_std=0.1759 [0.000,0.909]
  Step 11120/12000  loss=0.105159  best_obj=0.002121  lr=0.00336  geo=1.00  patch_std=0.1757 [0.000,0.911]
  Step 11130/12000  loss=0.077844  best_obj=0.002121  lr=0.00335  geo=1.00  patch_std=0.1755 [0.000,0.904]
  Step 11140/12000  loss=0.026517  best_obj=0.002121  lr=0.00334  geo=1.00  patch_std=0.1757 [0.000,0.904]
  Step 11150/12000  loss=0.068824  best_obj=0.002121  lr=0.00333  geo=1.00  patch_std=0.1759 [0.000,0.911]
  Step 11160/12000  loss=0.097096  best_obj=0.002121  lr=0.00333  geo=1.00  patch_std=0.1759 [0.000,0.918]
  Step 11170/12000  loss=0.052753  best_obj=0.002121  lr=0.00332  geo=1.00  patch_std=0.1759 [0.000,0.922]
  Step 11180/12000  loss=0.090199  best_obj=0.002121  lr=0.00331  geo=1.00  patch_std=0.1760 [0.000,0.915]
  Step 11190/12000  loss=0.075040  best_obj=0.002121  lr=0.00330  geo=1.00  patch_std=0.1766 [0.000,0.914]
  Step 11200/12000  loss=0.037375  best_obj=0.002121  lr=0.00330  geo=1.00  patch_std=0.1764 [0.000,0.914]
[CONF]  Step 11200  mean_conf=0.4852  (baseline=0.8795, Δ=-44.8%)  suppressed(<0.25)=13/52
  Step 11210/12000  loss=0.081890  best_obj=0.002121  lr=0.00329  geo=1.00  patch_std=0.1760 [0.000,0.914]
  Step 11220/12000  loss=0.052403  best_obj=0.002121  lr=0.00328  geo=1.00  patch_std=0.1758 [0.000,0.914]
  Step 11230/12000  loss=0.077148  best_obj=0.002121  lr=0.00327  geo=1.00  patch_std=0.1759 [0.000,0.908]
  Step 11240/12000  loss=0.070370  best_obj=0.002121  lr=0.00327  geo=1.00  patch_std=0.1760 [0.000,0.917]
  Step 11250/12000  loss=0.029517  best_obj=0.002121  lr=0.00326  geo=1.00  patch_std=0.1764 [0.000,0.911]
  Step 11260/12000  loss=0.105473  best_obj=0.002121  lr=0.00325  geo=1.00  patch_std=0.1764 [0.000,0.902]
  Step 11270/12000  loss=0.052947  best_obj=0.002121  lr=0.00325  geo=1.00  patch_std=0.1764 [0.000,0.912]
  Step 11280/12000  loss=0.117096  best_obj=0.002121  lr=0.00324  geo=1.00  patch_std=0.1766 [0.000,0.903]
  Step 11290/12000  loss=0.041960  best_obj=0.002121  lr=0.00323  geo=1.00  patch_std=0.1761 [0.000,0.896]
  Step 11300/12000  loss=0.060287  best_obj=0.002121  lr=0.00323  geo=1.00  patch_std=0.1761 [0.000,0.885]
  Step 11310/12000  loss=0.031117  best_obj=0.002121  lr=0.00322  geo=1.00  patch_std=0.1761 [0.000,0.900]
  Step 11320/12000  loss=0.046050  best_obj=0.002121  lr=0.00321  geo=1.00  patch_std=0.1761 [0.000,0.913]
  Step 11330/12000  loss=0.103109  best_obj=0.002121  lr=0.00321  geo=1.00  patch_std=0.1759 [0.000,0.908]
  Step 11340/12000  loss=0.060698  best_obj=0.002121  lr=0.00320  geo=1.00  patch_std=0.1757 [0.000,0.908]
  Step 11350/12000  loss=0.059526  best_obj=0.002121  lr=0.00320  geo=1.00  patch_std=0.1752 [0.000,0.905]
  Step 11360/12000  loss=0.031109  best_obj=0.002121  lr=0.00319  geo=1.00  patch_std=0.1748 [0.000,0.904]
  Step 11370/12000  loss=0.019031  best_obj=0.002121  lr=0.00318  geo=1.00  patch_std=0.1750 [0.000,0.909]
  Step 11380/12000  loss=0.034459  best_obj=0.002121  lr=0.00318  geo=1.00  patch_std=0.1751 [0.000,0.915]
  Step 11390/12000  loss=0.041412  best_obj=0.002121  lr=0.00317  geo=1.00  patch_std=0.1751 [0.000,0.909]
  Step 11400/12000  loss=0.100985  best_obj=0.002121  lr=0.00317  geo=1.00  patch_std=0.1751 [0.000,0.915]
[CONF]  Step 11400  mean_conf=0.4852  (baseline=0.8795, Δ=-44.8%)  suppressed(<0.25)=13/52
  Step 11410/12000  loss=0.052814  best_obj=0.002121  lr=0.00316  geo=1.00  patch_std=0.1752 [0.000,0.914]
  Step 11420/12000  loss=0.057990  best_obj=0.002121  lr=0.00316  geo=1.00  patch_std=0.1753 [0.000,0.908]
  Step 11430/12000  loss=0.148047  best_obj=0.002121  lr=0.00315  geo=1.00  patch_std=0.1752 [0.000,0.914]
  Step 11440/12000  loss=0.078561  best_obj=0.002121  lr=0.00314  geo=1.00  patch_std=0.1750 [0.000,0.919]
  Step 11450/12000  loss=0.035789  best_obj=0.002121  lr=0.00314  geo=1.00  patch_std=0.1752 [0.000,0.913]
  Step 11460/12000  loss=0.074510  best_obj=0.002121  lr=0.00313  geo=1.00  patch_std=0.1747 [0.000,0.919]
  Step 11470/12000  loss=0.084661  best_obj=0.002121  lr=0.00313  geo=1.00  patch_std=0.1747 [0.000,0.921]
  Step 11480/12000  loss=0.018646  best_obj=0.002121  lr=0.00312  geo=1.00  patch_std=0.1745 [0.000,0.922]
  Step 11490/12000  loss=0.067593  best_obj=0.002121  lr=0.00312  geo=1.00  patch_std=0.1746 [0.000,0.927]
  Step 11500/12000  loss=0.055979  best_obj=0.002121  lr=0.00312  geo=1.00  patch_std=0.1747 [0.000,0.921]
  Step 11510/12000  loss=0.105632  best_obj=0.002121  lr=0.00311  geo=1.00  patch_std=0.1745 [0.000,0.922]
  Step 11520/12000  loss=0.103065  best_obj=0.002121  lr=0.00311  geo=1.00  patch_std=0.1747 [0.000,0.923]
  Step 11530/12000  loss=0.066615  best_obj=0.002121  lr=0.00310  geo=1.00  patch_std=0.1746 [0.000,0.935]
  Step 11540/12000  loss=0.035419  best_obj=0.002121  lr=0.00310  geo=1.00  patch_std=0.1742 [0.000,0.941]
  Step 11550/12000  loss=0.041262  best_obj=0.002121  lr=0.00309  geo=1.00  patch_std=0.1744 [0.000,0.947]
  Step 11560/12000  loss=0.060901  best_obj=0.002121  lr=0.00309  geo=1.00  patch_std=0.1743 [0.000,0.953]
  Step 11570/12000  loss=0.087475  best_obj=0.002121  lr=0.00309  geo=1.00  patch_std=0.1747 [0.000,0.953]
  Step 11580/12000  loss=0.083661  best_obj=0.002121  lr=0.00308  geo=1.00  patch_std=0.1748 [0.000,0.940]
  Step 11590/12000  loss=0.075943  best_obj=0.002121  lr=0.00308  geo=1.00  patch_std=0.1747 [0.000,0.939]
  Step 11600/12000  loss=0.086871  best_obj=0.002121  lr=0.00307  geo=1.00  patch_std=0.1748 [0.000,0.939]
[CONF]  Step 11600  mean_conf=0.4852  (baseline=0.8795, Δ=-44.8%)  suppressed(<0.25)=13/52
  Step 11610/12000  loss=0.050925  best_obj=0.002121  lr=0.00307  geo=1.00  patch_std=0.1746 [0.000,0.927]
  Step 11620/12000  loss=0.063921  best_obj=0.002121  lr=0.00307  geo=1.00  patch_std=0.1747 [0.000,0.921]
  Step 11630/12000  loss=0.121091  best_obj=0.002121  lr=0.00306  geo=1.00  patch_std=0.1749 [0.000,0.921]
  Step 11640/12000  loss=0.058572  best_obj=0.002121  lr=0.00306  geo=1.00  patch_std=0.1750 [0.000,0.927]
  Step 11650/12000  loss=0.059650  best_obj=0.002121  lr=0.00306  geo=1.00  patch_std=0.1748 [0.000,0.921]
  Step 11660/12000  loss=0.070158  best_obj=0.002121  lr=0.00305  geo=1.00  patch_std=0.1748 [0.000,0.921]
  Step 11670/12000  loss=0.106094  best_obj=0.002121  lr=0.00305  geo=1.00  patch_std=0.1752 [0.000,0.916]
  Step 11680/12000  loss=0.031368  best_obj=0.002121  lr=0.00305  geo=1.00  patch_std=0.1749 [0.000,0.924]
  Step 11690/12000  loss=0.092197  best_obj=0.002121  lr=0.00304  geo=1.00  patch_std=0.1747 [0.000,0.916]
  Step 11700/12000  loss=0.051126  best_obj=0.002121  lr=0.00304  geo=1.00  patch_std=0.1748 [0.000,0.916]
  Step 11710/12000  loss=0.078455  best_obj=0.002121  lr=0.00304  geo=1.00  patch_std=0.1750 [0.000,0.909]
  Step 11720/12000  loss=0.095544  best_obj=0.002121  lr=0.00304  geo=1.00  patch_std=0.1751 [0.000,0.915]
  Step 11730/12000  loss=0.057756  best_obj=0.002121  lr=0.00303  geo=1.00  patch_std=0.1751 [0.000,0.915]
  Step 11740/12000  loss=0.092629  best_obj=0.002121  lr=0.00303  geo=1.00  patch_std=0.1751 [0.000,0.922]
  Step 11750/12000  loss=0.040514  best_obj=0.002121  lr=0.00303  geo=1.00  patch_std=0.1751 [0.000,0.922]
  Step 11760/12000  loss=0.100851  best_obj=0.002121  lr=0.00303  geo=1.00  patch_std=0.1748 [0.000,0.927]
  Step 11770/12000  loss=0.084801  best_obj=0.002121  lr=0.00302  geo=1.00  patch_std=0.1748 [0.000,0.945]
  Step 11780/12000  loss=0.062304  best_obj=0.002121  lr=0.00302  geo=1.00  patch_std=0.1748 [0.000,0.927]
  Step 11790/12000  loss=0.058746  best_obj=0.002121  lr=0.00302  geo=1.00  patch_std=0.1749 [0.000,0.926]
  Step 11800/12000  loss=0.068220  best_obj=0.002121  lr=0.00302  geo=1.00  patch_std=0.1750 [0.000,0.920]
[CONF]  Step 11800  mean_conf=0.4852  (baseline=0.8795, Δ=-44.8%)  suppressed(<0.25)=13/52
  Step 11810/12000  loss=0.043754  best_obj=0.002121  lr=0.00302  geo=1.00  patch_std=0.1750 [0.000,0.926]
  Step 11820/12000  loss=0.096728  best_obj=0.002121  lr=0.00301  geo=1.00  patch_std=0.1748 [0.000,0.926]
  Step 11830/12000  loss=0.034116  best_obj=0.002121  lr=0.00301  geo=1.00  patch_std=0.1746 [0.000,0.921]
  Step 11840/12000  loss=0.130225  best_obj=0.002121  lr=0.00301  geo=1.00  patch_std=0.1746 [0.000,0.909]
  Step 11850/12000  loss=0.054991  best_obj=0.002121  lr=0.00301  geo=1.00  patch_std=0.1746 [0.000,0.918]
  Step 11860/12000  loss=0.061084  best_obj=0.002121  lr=0.00301  geo=1.00  patch_std=0.1746 [0.000,0.921]
  Step 11870/12000  loss=0.083955  best_obj=0.002121  lr=0.00301  geo=1.00  patch_std=0.1747 [0.000,0.921]
  Step 11880/12000  loss=0.048354  best_obj=0.002121  lr=0.00301  geo=1.00  patch_std=0.1746 [0.000,0.926]
  Step 11890/12000  loss=0.067339  best_obj=0.002121  lr=0.00301  geo=1.00  patch_std=0.1743 [0.000,0.921]
  Step 11900/12000  loss=0.076924  best_obj=0.002121  lr=0.00300  geo=1.00  patch_std=0.1746 [0.000,0.926]
  Step 11910/12000  loss=0.019208  best_obj=0.002121  lr=0.00300  geo=1.00  patch_std=0.1740 [0.000,0.926]
  Step 11920/12000  loss=0.054051  best_obj=0.002121  lr=0.00300  geo=1.00  patch_std=0.1741 [0.000,0.915]
  Step 11930/12000  loss=0.035486  best_obj=0.002121  lr=0.00300  geo=1.00  patch_std=0.1741 [0.000,0.907]
  Step 11940/12000  loss=0.059240  best_obj=0.002121  lr=0.00300  geo=1.00  patch_std=0.1742 [0.000,0.912]
  Step 11950/12000  loss=0.060312  best_obj=0.002121  lr=0.00300  geo=1.00  patch_std=0.1739 [0.000,0.924]
  Step 11960/12000  loss=0.067085  best_obj=0.002121  lr=0.00300  geo=1.00  patch_std=0.1741 [0.000,0.907]
  Step 11970/12000  loss=0.063261  best_obj=0.002121  lr=0.00300  geo=1.00  patch_std=0.1741 [0.000,0.916]
  Step 11980/12000  loss=0.067908  best_obj=0.002121  lr=0.00300  geo=1.00  patch_std=0.1741 [0.000,0.904]
  Step 11990/12000  loss=0.064653  best_obj=0.002121  lr=0.00300  geo=1.00  patch_std=0.1744 [0.000,0.909]
  Step 12000/12000  loss=0.048911  best_obj=0.002121  lr=0.00300  geo=1.00  patch_std=0.1746 [0.000,0.909]
[CONF]  Step 12000  mean_conf=0.4852  (baseline=0.8795, Δ=-44.8%)  suppressed(<0.25)=13/52
